nodo,pagerank,controlabilidad
57,0.0211000000,0.1050976203
246,0.0212000000,0.1821850335
613,0.0144000000,0.3240757225
760,0.0210000000,0.5528455285
761,0.0217000000,0.4633552905
765,0.0316000000,0.0616580618
855,0.0305000000,0.6802563646
985,0.0234000000,0.2930389888
988,0.0110000000,0.8026229897
1081,0.0039200000,0.8355587206
1108,0.0146000000,0.1088956145
1186,0.0039200000,0.0481870512
1192,0.1746927521,0.1029019049
1298,0.0252000000,0.1160761973
1541,0.0122000000,0.2640199395
1737,0.0314000000,0.2634858465
1952,0.0632000000,0.1661622456
2084,0.0039200000,0.1878820248
2353,0.0068200000,0.6220995787
2554,0.0039200000,0.7298083200
2606,0.0051200000,0.3221767254
2691,0.0757889627,0.1936977034
2874,0.0039200000,0.8654679248
3231,0.0039200000,0.5248946650
3300,0.0347000000,0.7597175242
3615,0.0409000000,0.6051272921
3713,0.0090600000,0.6325440627
3839,0.2990291182,0.0916266097
3840,0.0824341583,0.0573259747
3936,0.0390000000,0.1290724586
3968,0.2934439808,0.0682452080
3987,0.0214000000,0.1980297905
4152,0.0217000000,0.1561925108
4358,0.0084000000,0.2474630586
4444,0.0053700000,0.2813482879
4602,0.0537000000,0.2351195775
4629,0.0339000000,0.2213518486
5001,0.0039200000,0.9713963563
5212,0.0241000000,0.5307696873
5430,0.0105000000,0.3996202006
5593,0.0039200000,0.5675034123
5628,0.0247000000,0.1808201294
5765,0.1226045206,0.0154293514
5791,0.0039200000,0.7276719483
5827,0.0342000000,0.1827191265
6417,0.0043900000,0.3396831049
6463,0.0173000000,0.4014005104
6478,0.0086400000,0.1624235950
7074,0.0251000000,0.1411192214
7085,0.0830655935,0.4307162780
7089,0.0095000000,0.4506557474
7219,0.0124000000,0.4774790814
8291,0.0039200000,0.2652068127
8412,0.0039200000,0.3340454572
8610,0.0737202053,0.2002848496
8708,0.0090600000,0.1759539493
8709,0.0262000000,0.2933950507
8882,0.0373000000,0.2179692600
8906,0.0099200000,0.3519078986
8997,0.0129000000,0.6720075960
9000,0.0300000000,0.1176191324
9080,0.0039200000,0.6551539968
9613,0.0234000000,0.1996914130
9952,0.0039200000,0.6670820723
10142,0.0265000000,0.1169663521
10178,0.1619824436,0.3961189247
10202,0.5940855465,0.0159041007
10208,0.0373000000,0.0742982612
10221,0.0731592089,0.1896623346
10223,0.0216000000,0.3954068008
10228,0.0039200000,0.6559848080
10229,0.0066800000,0.4569461753
10230,0.0195000000,0.5806777046
10237,0.0877689848,0.4200937630
10241,0.0772464165,0.2239629696
10265,0.0153000000,0.5629932942
10274,0.0088100000,0.3762387989
10297,0.0726212968,0.0631416533
10305,0.0039200000,0.8475461397
10312,0.0390000000,0.9760251617
10317,0.0739164068,0.0722805768
10318,0.0070200000,0.1772001662
10336,0.0095800000,0.4154056139
10346,0.0092300000,0.9023796807
10350,0.2501415595,0.2799240401
10355,0.0300000000,0.0791644413
10364,0.0347000000,0.4752833660
10419,0.1238425000,0.0363183194
10450,0.0810732635,0.2620615987
10565,0.0574000000,0.0809447511
10609,0.0233000000,0.5349830871
10677,0.0039200000,0.6090439737
10698,0.0261000000,0.3961782684
10706,0.0641000000,0.0608865943
10781,0.0617000000,0.0884813958
10792,0.0143000000,0.6499317548
10860,0.0139000000,0.3717286808
10862,0.0121000000,0.2200462881
10877,0.0587000000,0.1807607857
10923,0.0261000000,0.0360809448
11011,0.0486000000,0.2064565901
11014,0.0844336200,0.1707910510
11041,0.0776778158,0.3872173758
11214,0.0298000000,0.2041421874
11333,0.0325000000,0.0546555101
11385,0.0108000000,0.2537534864
11414,0.1325904483,0.0676517714
11489,0.0528000000,0.2407572251
11525,0.1023163083,0.0986885051
11600,0.0136000000,0.6958044033
11628,0.0165000000,0.3080529345
11677,0.0138000000,0.5063200997
11753,0.0039200000,0.5689276601
11764,0.0410000000,0.6753308409
11848,0.0203000000,0.5726069669
12026,0.0153000000,0.1999881313
12041,0.0211000000,0.0936442941
12098,0.0039200000,0.5392558305
12111,0.0136000000,0.2371966055
12158,0.0342000000,0.4009257611
12161,0.0254000000,0.5701738769
12249,0.0095400000,0.5625185449
12371,0.0114000000,0.4087591241
12426,0.0292000000,0.4663224734
12496,0.0463000000,0.7360394042
12522,0.2285074535,0.0630229660
12528,0.0273000000,0.4687555635
12601,0.0103000000,0.1968429173
12615,0.0170000000,0.2880541214
12643,0.0064200000,0.5267936621
12644,0.0167000000,0.1315648923
12661,0.0196000000,0.2226574091
12695,0.0249000000,0.1821850335
12708,0.0039200000,0.3654382529
12716,0.0070600000,0.3357664234
12741,0.0808267828,0.0540620735
12801,0.0455000000,0.2958874844
12802,0.0735300683,0.2866892173
12815,0.0281000000,0.5516586553
12853,0.1097820687,0.1583288826
12861,0.0596000000,0.3989674203
12864,0.0445000000,0.1604059106
12865,0.0088700000,0.2201056317
12877,0.0050300000,0.4339208356
12891,0.0039200000,0.3967123613
12913,0.0282000000,0.5676814432
12947,0.0199000000,0.3001008842
12951,0.0158000000,0.4190849208
13040,0.0681503632,0.0642691828
13098,0.1319291036,0.3446679722
13167,0.0540000000,0.0378019109
13170,0.0517000000,0.2453266868
13171,0.0039200000,0.2034894072
13185,0.0318000000,0.5042430716
13203,0.0039200000,0.1094890511
13228,0.0039200000,0.7909322889
13322,0.0135000000,0.7120052222
13327,0.0039200000,0.7850572666
13348,"1,0000000000",0.0082487686
13352,0.0632000000,0.2496587740
13373,0.0073800000,0.9293217020
13390,0.0082800000,0.8583466857
13403,0.0039200000,0.6065515400
13405,0.1274317042,0.2031926889
13407,0.0039200000,0.1197555041
13412,0.0255000000,0.4382529227
13413,0.0193000000,0.4827013234
13431,0.0061400000,0.3456174708
13470,0.0334000000,0.0761379147
13485,0.0621000000,0.3567147350
13503,0.0101000000,0.4497062489
13504,0.0179000000,0.6385377722
13527,0.0039200000,0.1974956976
13545,0.0613000000,0.0887187704
13559,0.0039200000,0.3668625007
13565,0.0273000000,0.6199632069
13569,0.0406000000,0.2700729927
13581,0.0228000000,0.3440151920
13607,0.0171000000,0.2393329773
13653,0.0039200000,0.9138330069
13696,0.0039200000,0.2482938698
13729,0.0292000000,0.5479200047
13740,0.0376000000,0.0972642573
13893,0.0202000000,0.1807607857
14263,0.0758244284,0.5661385081
14893,0.0338000000,0.1173817578
15023,0.0537000000,0.1141178565
15033,0.0039200000,0.1917987063
15403,0.0065800000,0.1491306154
15483,0.0265000000,0.5606788915
15633,0.0141000000,0.5844163551
16133,0.1227635973,0.0894902380
16263,0.0608000000,0.7442288291
16383,0.0267000000,0.5799062370
16813,0.0434000000,0.0564951635
16853,0.0153000000,0.4928490891
16943,0.0194000000,0.2768381698
17313,0.0039200000,0.5445967598
17353,0.0133000000,0.1666963385
17593,0.0098100000,0.5567028663
17673,0.0336000000,0.1937570471
18473,0.0217000000,0.3839534746
18713,0.1155818308,0.0532906059
19223,0.0105000000,0.6612663937
19813,0.0175000000,0.0129962614
20053,0.0039200000,0.1169070085
21203,0.0084500000,0.2957687971
21573,0.0039200000,0.2422408166
21843,0.0039200000,0.1935196724
22083,0.0752079097,0.1075900540
22253,0.0699263454,0.0945937927
22263,0.0493000000,0.0918639843
22823,0.0303000000,0.2985579491
22873,0.0144000000,0.2982018871
23823,0.0039200000,0.6439380452
24053,0.0272000000,0.2456234051
24263,0.0256000000,0.3495341523
24303,0.0354000000,0.2890629636
24393,0.0204000000,0.2369592309
24883,0.0695798381,0.4946293988
24923,0.0082900000,0.6012699543
25243,0.0039200000,0.6595454276
25583,0.0631000000,0.0991632544
25663,0.1411181181,0.4759954899
25793,0.0420000000,0.3277550294
25923,0.0208000000,0.3468043440
26163,0.0164000000,0.4192036081
26253,0.0425000000,0.2932170198
26743,0.1445647091,0.1512669871
27953,0.0155000000,0.2558305145
29283,0.0211000000,0.3627677883
30733,0.0176000000,0.1086582399
30953,0.0375000000,0.1170850395
31673,0.0417000000,0.1982671652
32893,0.0849522758,0.0691353629
33423,0.1740096815,0.2548810160
33493,0.0082900000,0.4753427096
34153,0.0176000000,0.7616758649
34883,0.0429000000,0.6979407750
35013,0.0214000000,0.0607679070
35373,0.0039200000,0.2752358910
35383,0.0039200000,0.1176784761
35603,0.0128000000,0.3478131862
36183,0.1069729796,0.2684707139
36823,0.0820832095,0.4431191027
36863,0.0784794035,0.1046228710
37133,0.0039200000,0.1545308884
38003,0.0590000000,0.2920301466
38033,0.0097100000,0.3971277669
38133,0.0039200000,0.4580737048
38883,0.0039200000,0.4507150911
39303,0.0326000000,0.1895436473
39393,0.0748838268,0.5997863628
39483,0.0190000000,0.1104385496
39523,0.0143000000,0.3978398908
39553,0.0039200000,0.5110082488
39653,0.0072200000,0.4165331434
40153,0.0039200000,0.4846596641
40403,0.0161000000,0.3854370660
40563,0.0182000000,0.3872767195
41573,0.0208000000,0.2811109133
41693,0.1720779039,0.0192866892
42683,0.0735106882,0.4257314106
42693,0.0179000000,0.1345914189
43243,0.0065600000,0.1880600558
43833,0.0039200000,0.5553973058
44453,0.0329000000,0.1705536763
45013,0.0387000000,0.1709690820
45443,0.0163000000,0.2392736336
45523,0.0402000000,0.0926947956
46463,0.0126000000,0.9045753961
47023,0.0355000000,0.1214764702
47083,0.0543000000,0.2899531185
47293,0.0039200000,0.1786244140
47333,0.0789047357,0.3235416296
47973,0.1007087615,0.1713251439
48193,0.0039200000,0.9843332740
48443,0.1519976146,0.1237315293
48903,0.0961715955,0.1063438372
49333,0.0188000000,0.4220521037
50043,0.1109217514,0.1034359979
50933,0.0639000000,0.1625422824
51013,0.0096700000,0.0993412854
53103,0.0233000000,0.2057444662
53213,0.0995288024,0.0936442941
53453,0.0039200000,0.6752121536
53953,0.1074886856,0.0559017269
54553,0.0565000000,0.0808260637
54733,0.0475000000,0.0688979883
54793,0.0165000000,0.1525725476
55273,0.0039200000,0.1093703638
55523,0.0225000000,0.9421399323
55573,0.0294000000,0.5548632129
55733,0.0162000000,0.1041481218
55753,0.0106000000,0.2008189425
55823,0.0174000000,0.6321880007
56653,0.2447612500,0.0407690938
56733,0.0130000000,0.2990920420
56833,0.1326983116,0.1361343540
56903,0.0605000000,0.3123256780
57323,0.0316000000,0.0652186814
57353,0.0160000000,0.5397305798
57383,0.0039200000,0.6679128835
57443,0.0134000000,0.0483650822
57773,0.0142000000,0.4041303187
57863,0.0064000000,0.4582517358
58863,0.0039200000,0.8585840603
59033,0.0075300000,0.4984273930
59313,0.0345000000,0.2261586849
59643,0.0552000000,0.1648566851
60063,0.0095100000,0.3746958637
60313,0.0403000000,0.1591596938
60463,0.0115000000,0.3208118213
61233,0.0910399012,0.0549522284
61633,0.0178000000,0.1557771052
62763,0.1006670678,0.1738769213
62983,0.0780535253,0.0964927898
64543,0.0351000000,0.5191383301
65073,0.0114000000,0.5448341345
65473,0.0039200000,0.3892350602
65573,0.0330000000,0.0956619785
66133,0.0039200000,0.1723933298
66583,0.0400000000,0.1094890511
66653,0.0820784121,0.1511482998
67753,0.0039200000,0.4701798113
67923,0.0393000000,0.1633730936
68453,0.0377000000,0.3622930390
68783,0.0133000000,0.5766423358
69743,0.0434000000,0.0627855914
70373,0.0261000000,0.2506676162
70723,0.0153000000,0.1674084624
71353,0.0337000000,0.2021838467
72373,0.1100924222,0.1005875022
72883,0.0697512848,0.2824758175
73703,0.0205000000,0.0994006290
73823,0.0076400000,0.6025161711
73843,0.1554653449,0.0675330841
74673,0.0039200000,0.5040056970
74683,0.0156000000,0.2211144739
75093,0.0039200000,0.6918877218
75533,0.0270000000,0.4730283069
76043,0.0736233406,0.1411192214
76123,0.0289000000,0.7423891757
76643,0.0463000000,0.2126283307
77063,0.0327000000,0.2133997982
78163,0.0039200000,0.8325321939
78393,0.0039200000,0.7979941843
78733,0.0188000000,0.2734555813
78743,0.0156000000,0.2075841196
79903,0.0321000000,0.1280042727
80313,0.0133000000,0.4349890214
81193,0.0180000000,0.2179692600
81213,0.0246000000,0.2314996143
81513,0.0184000000,0.4461456293
82433,0.0559000000,0.1934603288
86843,0.0099600000,0.1259272447
89903,0.0069600000,0.7563349356
104203,0.0323000000,0.7504599134
109293,0.0115000000,0.1626609697
111483,0.0435000000,0.0623701858
118013,0.0236000000,0.1900777402
120253,0.0203000000,0.0445077444
125033,0.0441000000,0.0376832236
125503,0.0081100000,0.1028425613
139113,0.0039200000,0.2328051748
160763,0.0557000000,0.0427274346
161043,0.0079400000,0.1021304374
165293,0.0039200000,0.2390362590
182563,0.0333000000,0.2373746365
186193,0.0071900000,0.7184143374
194323,0.0189000000,0.0966114771
211523,0.0039200000,0.7565723102
249153,0.0089500000,0.1799299745
277813,0.0151000000,0.5009791704
279603,0.0039200000,0.3285264969
284933,0.0164000000,0.1773781971
302823,0.0550000000,0.0639724645
307503,0.0098500000,0.1497240520
330093,0.0722535850,0.1948845766
332083,0.0066800000,0.0731707317
332163,0.0328000000,0.7149130615
334503,0.0139000000,0.6266690404
336113,0.0530000000,0.0775621625
336343,0.0219000000,0.1556584179
348003,0.0131000000,0.2995667913
350373,0.0039200000,0.2460981544
368623,0.0066700000,0.4368286749
369893,0.0796007231,0.1496053647
379983,0.0259000000,0.2570173877
383323,0.0210000000,0.6311198148
385463,0.0307000000,0.1837873123
393543,0.0103000000,0.0776215061
394313,0.0996724796,0.3622930390
404133,0.1537609954,0.0881253338
406073,0.0084400000,0.1935196724
408813,0.0210000000,0.2580855736
421523,0.0157000000,0.7668387633
435423,0.0261000000,0.4101240282
447813,0.0150000000,0.6108836271
469153,0.0232000000,0.3345795502
471323,0.0079900000,0.5024034182
471963,0.0468000000,0.2033113762
495393,0.0039200000,0.2424781912
496723,0.0185000000,0.1458073705
511533,0.0064200000,0.2299566791
517143,0.0372000000,0.0447451190
545463,0.0174000000,0.2411726307
546313,0.0134000000,0.4296480921
557503,0.0099500000,0.2656815619
560293,0.0297000000,0.3807489170
586803,0.0164000000,0.0559017269
591873,0.0299000000,0.1333452021
592313,0.0039200000,0.7615571776
593023,0.0071400000,0.2656222183
595433,0.0039200000,0.5196724230
598953,0.0322000000,0.6441754199
603883,0.0211000000,0.3602160109
607063,0.0151000000,0.6931339386
607643,0.0081900000,0.5507091567
607843,0.0704118633,0.1374992582
608473,0.1172954609,0.0626075604
608803,0.0258000000,0.0769687259
610273,0.0066400000,0.4890510949
610533,0.0605000000,0.2280576820
610793,0.0335000000,0.2220046288
611243,0.0039200000,0.5441813542
611283,0.0261000000,0.1321583289
611613,0.0039200000,0.6053053231
611953,0.0684637640,0.0680671770
614103,0.0266000000,0.1432555931
614623,0.0151000000,0.3519672423
614683,0.0167000000,0.6151563705
614853,0.0367000000,0.6001424248
615343,0.0141000000,0.5229956679
615403,0.0952870228,0.1940537654
615413,0.0375000000,0.2868672482
616723,0.0039200000,0.3702450893
617053,0.0381000000,0.3211678832
618763,0.0379000000,0.2896564002
619433,0.0091200000,0.5693430657
620553,0.0378000000,0.1115660792
620763,0.0043300000,0.1328111091
620813,0.0142000000,0.1972583229
620863,0.0351000000,0.0461693668
621003,0.0173000000,0.5532015904
621393,0.0209000000,0.3349356121
621713,0.0372000000,0.1780309774
622053,0.0172000000,0.3485846537
623133,0.0340000000,0.1247997152
623483,0.0151000000,0.1955967005
623623,0.1124105630,0.0763752893
623973,0.0039200000,0.4830573853
624023,0.0086000000,0.1602278797
624683,0.0536000000,0.3751112694
625093,0.0067300000,0.1219512195
625513,0.0039200000,0.4997329535
625833,0.0039200000,0.5505904694
626183,0.0599000000,0.2386801970
626593,0.0151000000,0.5368820841
627213,0.0187000000,0.1432555931
627303,0.0217000000,0.2494213993
627813,0.0149000000,0.3288232152
629843,0.0213000000,0.5701738769
630113,0.0276000000,0.1627796570
630793,0.0039200000,0.0707969853
631823,0.0141000000,0.1464008071
632053,0.0140000000,0.8310486025
632173,0.0189000000,0.8443415821
632433,0.1699096822,0.0253397425
632443,0.0850335305,0.0413031868
633293,0.0064900000,0.5769983977
634433,0.0039200000,0.2313809269
635633,0.0651418837,0.1041481218
636593,0.0039200000,0.4461456293
636843,0.0465000000,0.3248471901
637533,0.0386000000,0.1331671711
637773,0.0117000000,0.1891282416
638323,0.0334000000,0.2610527565
638403,0.0165000000,0.1853895911
639433,0.0159000000,0.3003976025
639973,0.0039200000,0.7871342947
640983,0.0039200000,0.1601091923
641483,0.0050700000,0.3094178387
641953,0.0072900000,0.1520384547
643323,0.0085400000,0.1387454750
646663,0.0168000000,0.0831998101
649283,0.0319000000,0.6253041363
649713,0.0854268308,0.0671176785
652193,0.0074700000,0.7200166162
652293,0.0873054092,0.3582576702
653433,0.0153000000,0.3419975076
655313,0.0039200000,0.6408521749
656423,0.0189000000,0.3498902142
656433,0.0066800000,0.1877039938
656543,0.0039200000,0.7311732241
656713,0.0163000000,0.2882321524
657083,0.0088300000,0.1561925108
657293,0.0039200000,0.4457302237
657693,0.0039200000,0.3523826479
658033,0.0218000000,0.3994421696
658293,0.0065500000,0.4504777165
659393,0.0134000000,0.4389057029
659803,0.0244000000,0.3755266750
660823,0.0195000000,0.4498249362
661573,0.0159000000,0.5754554626
662763,0.0402000000,0.6121891876
663463,0.1483989406,0.0956026349
665023,0.0039200000,0.4705952169
666043,0.1087087620,0.0432021839
666523,0.0466000000,0.1218325322
667003,0.0378000000,0.0336478547
667873,0.0535000000,0.3238383479
668243,0.0241000000,0.2641386268
668423,0.0151000000,0.4707732479
669303,0.0358000000,0.1690700849
671083,0.0039200000,0.6804343956
671483,0.0409000000,0.0605305323
671503,0.0085100000,0.3427689751
671763,0.0199000000,0.7472553558
672473,0.0093300000,0.7201946472
672493,0.0219000000,0.7418550828
673743,0.0209000000,0.2673431844
674383,0.0449000000,0.0672363658
674593,0.0383000000,0.1484778351
675563,0.0627000000,0.1524538603
676493,0.0039200000,0.8994718414
676923,0.0353000000,0.6598421459
677523,0.0120000000,0.2726247700
678233,0.0039200000,0.8965046585
678323,0.0215000000,0.1389828497
678893,0.0113000000,0.6651830752
679173,0.0092500000,0.0966708207
679303,0.1159836350,0.1535813898
680653,0.0265000000,0.1929855795
680953,0.0039200000,0.3768915791
681333,0.0039200000,0.2695982434
681473,0.0268000000,0.0775028188
682023,0.0039200000,0.3190315115
682823,0.0077200000,0.1532846715
682993,0.0065300000,0.2526853006
684323,0.0109000000,0.6580024924
685063,0.0128000000,0.1795145689
685183,0.0069900000,0.5356358673
685593,0.0111000000,0.5543291199
686483,0.0264000000,0.3975431725
686993,0.0347000000,0.1416533143
688553,0.0079500000,0.6823927363
688933,0.0098400000,0.0275948015
688983,0.0178000000,0.5102961249
690503,0.0039200000,0.3720253991
691353,0.0550000000,0.5518960299
693883,0.0235000000,0.0296124859
694283,0.0476000000,0.1083615216
695603,0.0039200000,0.7089193520
697293,0.0039200000,0.1637884992
697613,0.0505000000,0.2828912231
698813,0.0426000000,0.4835914783
701603,0.0050400000,0.3745178328
701923,0.0039200000,0.2059224972
704563,0.0039200000,0.3802741677
704863,0.0306000000,0.4054952228
705953,0.0219000000,0.0969081954
706273,0.0099700000,0.4402706071
708653,0.0261000000,0.1428995312
709853,0.0039200000,0.5546258382
710133,0.0039200000,0.4251973177
710563,0.0129000000,0.1824224082
710613,0.0643744799,0.2412319744
710913,0.0039200000,0.1279449291
711303,0.5563597879,0.2421221293
711653,0.0056000000,0.2711411786
711803,0.0482000000,0.6337902795
711963,0.0099600000,0.7074357605
712173,0.0282000000,0.3327398967
713223,0.0276000000,0.1194587858
713263,0.0388000000,0.3367159219
713333,0.1036454184,0.0908551421
714563,0.0157000000,0.2043202184
714913,0.0039200000,0.4063853777
715113,0.0121000000,0.3971871106
715133,0.0227000000,0.1030799359
716893,0.0039200000,0.0414218741
717003,0.1282468893,0.2325678001
717043,0.0039200000,0.3535695211
717893,0.0389000000,0.0839119340
720323,0.0105000000,0.1998101003
720503,0.0039200000,0.1652127470
721613,0.0137000000,0.1283009910
722133,0.0137000000,0.4203904813
722553,0.0076800000,0.4790813602
722673,0.0131000000,0.3931517417
722933,0.0054200000,0.7170494333
722973,0.0039200000,0.5603821732
724273,0.0298000000,0.2691234942
724643,0.0289000000,0.1748857635
724783,0.0272000000,0.3673965937
725093,0.0413000000,0.4927897454
725353,0.0039200000,0.5140347754
725473,0.0264000000,0.1059877752
725553,0.0193000000,0.3516705240
726983,0.0150000000,0.5641801673
727513,0.0195000000,0.3482879354
727943,0.1169021589,0.1967835737
730423,0.0151000000,0.5799062370
730543,0.0227000000,0.6353332146
731163,0.0505000000,0.0435582458
731253,0.0926840940,0.0810040947
731513,0.0366000000,0.4279864696
731923,0.0699167227,0.1320396416
732723,0.0114000000,0.1315648923
732763,0.0079900000,0.3856150970
732943,0.0039200000,0.3959408937
733383,0.0405000000,0.5772951160
733803,0.0547000000,0.0834371847
733893,0.0543000000,0.0973829446
734153,0.0191000000,0.6424544537
734203,0.0192000000,0.2239036259
735123,0.0039200000,0.6481514450
735513,0.0090500000,0.3435404427
736483,0.0210000000,0.4238324135
739853,0.0039200000,0.5151623049
740203,0.0221000000,0.8414337428
740983,0.0613000000,0.2735742686
741553,0.0709980857,0.2762447333
742343,0.0039200000,0.8650525191
742713,0.0238000000,0.0604118450
742883,0.0107000000,0.4039522877
744903,0.0250000000,0.3596819180
745553,0.0039200000,0.5972939291
745903,0.0161000000,0.1471722746
746323,0.2064226871,0.0486024568
747493,0.0075500000,0.3460328764
748933,0.0207000000,0.2442585010
749333,0.2040598016,0.0319862323
749453,0.0491000000,0.5667912884
749483,0.0039200000,0.6750341226
749493,0.0142000000,0.2339327043
749863,0.1045748733,0.5262002255
750823,0.0167000000,0.2328051748
751633,0.0199000000,0.2473443713
752603,0.0303000000,0.5898759718
752703,0.0279000000,0.1033766542
752743,0.0069600000,0.0490178624
753743,0.0283000000,0.0867010860
754003,0.0535000000,0.2259213103
754497,0.0084500000,0.5375348644
754556,0.0039200000,0.0422526853
754571,0.0109000000,0.1841433743
754581,0.0140000000,0.9054062073
754656,0.0075300000,0.5158150852
754682,0.0039200000,0.2894190256
754685,0.0128000000,0.2097798350
754727,0.0256000000,0.2847308765
754741,0.0118000000,0.5224022313
754807,0.0162000000,0.1023084683
754820,0.0227000000,0.3141653314
754823,0.0074600000,0.6697525369
754839,0.0157000000,0.4116669634
754870,0.0335000000,0.3459141891
754873,0.0039200000,0.1020117500
754969,0.0159000000,0.5593139873
754973,0.0157000000,0.2414693490
755001,0.0039200000,0.1650940597
755083,0.0039200000,0.1929855795
755086,0.0245000000,0.3145213934
755172,0.0039200000,0.5283959409
755241,0.0659083925,0.6428698594
755258,0.0085800000,0.2585603228
755311,0.0039200000,0.1725713608
755340,0.0039200000,0.3636579431
755370,0.0073200000,0.3593851997
755389,0.0851789977,0.2701916800
755574,0.0176000000,0.0849207762
755756,0.0360000000,0.8325915376
755768,0.0218000000,0.1180938817
756047,0.0039200000,0.6720669396
756139,0.0039200000,0.3490000593
756236,0.0135000000,0.4923149961
756357,0.0039200000,0.6480327577
756391,0.0089300000,0.4018752596
756400,0.0039200000,0.6096967539
756431,0.0457000000,0.1297252389
756532,0.0039200000,0.1279449291
756742,0.0316000000,0.1492493027
756745,0.0080200000,0.2898937749
756872,0.0532000000,0.1080648033
756927,0.0336000000,0.1423654383
756975,0.0558000000,0.5164678654
757149,0.0198000000,0.0577413803
757725,0.0107000000,0.5865527268
757838,0.0407000000,0.5071509109
757903,0.0155000000,0.2754732657
758061,0.0204000000,0.2156548573
758073,0.0137000000,0.0837339030
758114,0.0275000000,0.1569046347
758144,0.0891522839,0.1839059996
758185,0.0213000000,0.5739125274
758799,0.0113000000,0.5664945701
758970,0.0757284277,0.0724586078
759036,0.0732288041,0.1754198564
759137,0.0039200000,0.1731647973
759186,0.0623000000,0.1027238740
759720,0.0039200000,0.7053587324
759791,0.0312000000,0.1420687200
759926,0.0137000000,0.0989258798
760579,0.0093300000,0.1151266987
760635,0.0054400000,0.6569343066
760983,0.0121000000,0.3497121833
761058,0.0070800000,0.9657587087
761153,0.0039200000,0.2658595929
761362,0.0140000000,0.1172630704
761428,0.0872719391,0.0963147588
761483,0.0108000000,0.4332680553
761492,0.0039200000,0.9167408462
761627,0.0240000000,0.4809210136
761906,0.0674667632,0.0683638953
761969,0.1172604366,0.2222420034
762041,0.0074200000,0.1258679010
762115,0.0644948590,0.1002314403
763060,0.0159000000,0.3789686072
763170,0.0427000000,0.1931042668
763237,0.0095100000,0.2121535814
763403,0.0455000000,0.0849207762
763489,0.0248000000,0.2096611477
763564,0.0039200000,0.5016912943
763803,0.0508000000,0.2107293336
764035,0.0091800000,0.5907661266
764853,0.0113000000,0.2661563112
764980,0.0168000000,0.4939172749
765080,0.0129000000,0.4700017803
765307,0.0584000000,0.4790220165
765456,0.0039200000,0.3766542045
765609,0.0175000000,0.1805234111
765686,0.0078500000,0.3419975076
765942,0.0057200000,0.2103139280
766009,0.0512000000,0.2127470180
766081,0.0039200000,0.1491306154
766291,0.0070200000,0.3228888493
766328,0.0213000000,0.1747670761
767022,0.0039200000,0.9578066584
767610,0.0235000000,0.2185033529
767749,0.0039200000,0.5721322177
768288,0.0486000000,0.1031392796
768383,0.0246000000,0.1269360869
768551,0.0450000000,0.1658061836
768579,0.0440000000,0.2046762803
768617,0.0353000000,0.2097204914
768761,0.0039200000,0.5278025043
768783,0.0558000000,0.8788202481
768828,0.0071100000,0.4435345083
768841,0.0254000000,0.5757521809
768856,0.0288000000,0.3695923091
768874,0.0039200000,0.8503946353
769000,0.0334000000,0.7136075010
769123,0.0756541813,0.0547148537
769147,0.0345000000,0.3108420865
769167,0.0210000000,0.4374221114
769696,0.0278000000,0.0756631654
769746,0.0188000000,0.1233161237
769937,0.0448000000,0.1357782921
770312,0.0110000000,0.7803691176
770441,0.0350000000,0.1196961605
770606,0.0039200000,0.6117144383
771278,0.0629000000,0.0715684529
771335,0.0118000000,0.0771467569
771677,0.0261000000,0.3489407157
772049,0.0089600000,0.6641742330
772054,0.0039200000,0.6443534508
772471,0.0432000000,0.0477716456
772516,0.0640000000,0.0183965343
772523,0.0039200000,0.3690582161
772626,0.0223000000,0.1935790161
772669,0.0220000000,0.2373746365
772742,0.0039200000,0.7725950982
772787,0.0240000000,0.3788499199
772928,0.0631000000,0.0777995371
773150,0.0082600000,0.2317369889
773287,0.0150000000,0.0090795798
773310,0.0039200000,0.0142424782
773545,0.0145000000,0.1084208652
773796,0.0225000000,0.0743576049
773841,0.0187000000,0.1815915969
774037,0.0431000000,0.5110082488
774058,0.0078700000,0.2779656994
774169,0.0160000000,0.5333808083
774269,0.0132000000,0.3911934010
774280,0.0150000000,0.3298320574
774292,0.0078300000,0.1404664412
774311,0.0429000000,0.5441220106
774374,0.0039200000,0.2098985223
774502,0.0295000000,0.0931695448
774675,0.0583000000,0.3588511068
774941,0.0079500000,0.6089846300
774980,0.0581000000,0.1277668981
775187,0.0507000000,0.3603940419
776013,0.0184000000,0.1669337131
776031,0.0448000000,0.1288944276
776038,0.0179000000,0.1217731885
776052,0.0127000000,0.4825826360
776250,0.0039200000,0.1672897751
776260,0.0422000000,0.1328111091
776440,0.0804531194,0.1347101062
776449,0.0039200000,0.2774316064
776747,0.0432000000,0.0678298024
776984,0.0094600000,0.5722509050
777121,0.0445000000,0.2044982494
777466,0.0039200000,0.1795739125
777560,0.0264000000,0.3257373450
777669,0.0039200000,0.5929024984
777859,0.0247000000,0.3360037980
778057,0.0591000000,0.2979051688
778162,0.0144000000,0.2533380808
778332,0.0150000000,0.4910687793
778376,0.0039200000,0.5891045042
778446,0.1937470902,0.1560738235
778604,0.0293000000,0.1072339920
778769,0.0039200000,0.2763634206
778787,0.0284000000,0.3414634146
778974,0.0248000000,0.1846181236
779135,0.0039200000,0.5561094297
779150,0.0226000000,0.5441813542
779154,0.0526000000,0.0154293514
779283,0.0081500000,0.7009673016
779451,0.0087500000,0.1841433743
779476,0.0081100000,0.4947480862
779578,0.0893592793,0.0543587918
779583,0.0508000000,0.0439736514
779715,0.0222000000,0.4591418907
779900,0.0296000000,0.2006409115
780006,0.0394000000,0.1903151148
780050,0.0244000000,0.4319031511
780198,0.0438000000,0.1046822147
780240,0.0254000000,0.1549462940
780290,0.0245000000,0.1306747374
780308,0.0289000000,0.4149308646
780419,0.0186000000,0.1874666192
780613,0.0072700000,0.0945937927
780641,0.0454000000,0.1907898641
781168,0.0691578371,0.0818942496
781280,0.1200440469,0.0606492196
781310,0.0345000000,0.1391608807
781314,0.0266000000,0.2602219453
781441,0.0069900000,0.3787905762
781530,0.0040600000,0.6330781556
781575,0.0123000000,0.1390421933
781730,0.0299000000,0.0801139398
782053,0.0152000000,0.2651474690
782263,0.0217000000,0.4526140882
782310,0.0552000000,0.0904990802
782329,0.0234000000,0.3191501988
782352,0.0039200000,0.0795798469
782482,0.0871958053,0.0601151267
782721,0.0105000000,0.3327398967
783328,0.0039200000,0.3545783633
783393,0.0145000000,0.5827547327
783573,0.0063900000,0.6566375883
783705,0.0039200000,0.0626075604
783771,0.0159000000,0.3457361581
783775,0.0039200000,0.6481514450
783870,0.0257000000,0.1177378197
783930,0.0399000000,0.1299626135
783937,0.0150000000,0.1796925998
784132,0.0509000000,0.0892528633
784165,0.0220000000,0.1883567741
784351,0.0095500000,0.6076197258
784457,0.0039200000,0.8457064863
784907,0.0149000000,0.1847368109
784912,0.0203000000,0.4513678713
784952,0.0252000000,0.5095246573
784981,0.0069000000,0.5319565604
784998,0.0285000000,0.2867485609
785016,0.0078800000,0.1237908729
785164,0.0039200000,0.0755444781
785230,0.0039200000,0.1002907839
785264,0.1009540724,0.5824580144
785270,0.0039200000,0.3346388938
785477,0.0331000000,0.8327102249
785485,0.0238000000,0.1461634324
785510,0.0039200000,0.1469349000
785637,0.0362000000,0.3675746247
785675,0.0039200000,0.3885229363
785730,0.0039200000,0.5111269361
785997,0.0323000000,0.0486024568
786040,0.0088800000,0.0976203193
786152,0.0256000000,0.2393329773
786342,0.0329000000,0.1859830277
786382,0.0273000000,0.2864518426
786491,0.0484000000,0.0907364548
786750,0.0105000000,0.2066939647
786795,0.0162000000,0.4940953059
786836,0.0391000000,0.0873538662
786916,0.0070500000,0.5720135304
786937,0.0275000000,0.1169070085
787166,0.0334000000,0.3116728978
787438,0.0039200000,0.3380808261
787596,0.0183000000,0.5308290309
787910,0.0378000000,0.1805234111
788034,0.0039200000,0.6902854430
788247,0.0138000000,0.2234882203
788299,0.0184000000,0.1757759183
788350,0.0108000000,0.6095780666
788570,0.0106000000,0.1331671711
788642,0.0098000000,0.2107293336
788670,0.0039200000,0.1804047238
788863,0.0296000000,0.1936977034
789068,0.0039200000,0.5014539196
789072,0.0091700000,0.7022728621
789109,0.0221000000,0.5248353213
789158,0.0394000000,0.1206456590
789286,0.0039200000,0.6127232805
789580,0.0970292156,0.2035487508
790000,0.0183000000,0.4010444484
790079,0.0171000000,0.0848020889
790800,0.1040472508,0.0426680909
791003,0.0039200000,0.2618242241
791045,0.0702012856,0.1569639784
791125,0.0039200000,0.1745890452
791250,0.0039200000,0.1843807489
791288,0.0187000000,0.4400925761
791300,0.0067100000,0.4169485490
791838,0.0332000000,0.1579134769
791951,0.0039200000,0.5244792594
792121,0.0110000000,0.5086345024
792177,0.0179000000,0.1844994362
792230,0.0039200000,0.4446620379
792333,0.0883293247,0.0656934307
792443,0.0200000000,0.1375586019
792563,0.0065800000,0.8235119577
792596,0.0130000000,0.5153996795
792646,0.1041603176,0.0786303484
792764,0.0039200000,0.6439973889
792909,0.0162000000,0.2767194825
793024,0.0214000000,0.3707198386
793112,0.0213000000,0.3270429055
793238,0.0792380409,0.1015963444
793342,0.0235000000,0.1995727257
793695,0.0096000000,0.2615275058
793721,0.0118000000,0.2996261349
793772,0.0365000000,0.1323363599
793909,0.0316000000,0.2487686191
794136,0.0039200000,0.3625304136
794227,0.0039200000,0.6250667616
794309,0.0125000000,0.3886416236
794633,0.0873064286,0.1843807489
794784,0.0039200000,0.8630941784
794801,0.0401000000,0.2701916800
794885,0.0343000000,0.2291852116
795100,0.0355000000,0.2471663403
795360,0.0514000000,0.1518010801
795448,0.0091400000,0.5713607501
796135,0.1742154409,0.0676517714
796772,0.0326000000,0.0573853184
797203,0.0448000000,0.2082368999
797285,0.0369000000,0.2097204914
797835,0.0198000000,0.2477597769
797840,0.0205000000,0.1710877693
797943,0.0065600000,0.6178268352
798007,0.0288000000,0.1993946947
798102,0.0148000000,0.3904812771
798171,0.0110000000,0.2726247700
798201,0.0088400000,0.3452020652
798295,0.0200000000,0.1944691710
798391,0.0266000000,0.1640852175
798478,0.0156000000,0.2808735387
798577,0.0485000000,0.0751884161
798645,0.0121000000,0.2829505667
798851,0.0168000000,0.3789686072
798952,0.0039200000,0.7519435048
799088,0.0674774214,0.3127410836
799198,0.0224000000,0.8421458667
799246,0.0164000000,0.0756631654
799247,0.0055000000,1.0000000000
799254,0.0039200000,0.4168892054
799286,0.0158000000,0.6637588274
799297,0.0087600000,0.1001720966
799390,0.0169000000,0.1754198564
799499,0.0332000000,0.0542994481
799532,0.0039200000,0.6952109667
799645,0.0661041769,0.5291080648
799963,0.0039200000,0.3659723459
799965,0.0244000000,0.0438549641
800031,0.0184000000,0.2695388998
800069,0.0169000000,0.0469408344
800076,0.0659317123,0.0639724645
800364,0.0039200000,0.3129784583
800407,0.0170000000,0.5597887366
800548,0.0278000000,0.1098451130
800991,0.0582000000,0.4174232983
801123,0.0493000000,0.2081182126
801173,0.0144000000,0.1671710878
801446,0.0143000000,0.3431250371
801486,0.0039200000,0.3933891164
801587,0.0039200000,0.1589223192
801660,0.0183000000,0.3835974126
801917,0.0065600000,0.7906949142
802093,0.0262000000,0.2075247760
802212,0.0066800000,0.3804521987
802225,0.0703303834,0.0793424723
802833,0.0039200000,0.1739956086
803201,0.0265000000,0.1318616106
803324,0.0039200000,0.8836864281
803890,0.0157000000,0.2068126521
803938,0.0054400000,0.5372974898
803975,0.0978265051,0.6188950211
803979,0.0094400000,0.5059046941
804070,0.0140000000,0.8663580796
804138,0.0039200000,0.3076375289
804358,0.0264000000,0.2957687971
804382,0.0039200000,0.9185804997
804416,0.0039200000,0.8899175123
804457,0.0039200000,0.8925286333
804683,0.0566000000,0.3752893003
804763,0.0039200000,0.1906118331
804808,0.0141000000,0.8578125927
805066,0.0039200000,0.6853599193
805124,0.0147000000,0.7061302000
805280,0.0065600000,0.4822859177
805450,0.0134000000,0.5288706902
805758,0.0177000000,0.1394575990
805991,0.0112000000,0.5775324907
806043,0.0096400000,0.3765948608
806057,0.0123000000,0.5807370482
806539,0.0039200000,0.0775028188
806753,0.0538000000,0.1443831227
807091,0.0119000000,0.4780131743
807161,0.0122000000,0.6035843570
807649,0.0501000000,0.0821909679
807720,0.0039200000,0.1396949736
807776,0.0172000000,0.3682274049
807891,0.0444000000,0.1328111091
807913,0.0467000000,0.1331671711
807933,0.0281000000,0.2662156549
808096,0.0282000000,0.2494807430
808213,0.0039200000,0.1208830336
808520,0.0407000000,0.0428461219
808739,0.0071800000,0.1909678951
808847,0.0039200000,0.1408225031
809093,0.0230000000,0.2354162958
809131,0.0177000000,0.2963622337
809138,0.0191000000,0.9457005519
809184,0.0242000000,0.4819891995
809288,0.0245000000,0.9502106700
809445,0.0415000000,0.4579550175
809760,0.0560000000,0.0693133939
809866,0.0343000000,0.3144027061
810134,0.0100000000,0.4285205626
810204,0.0039200000,0.3806895733
810224,0.0039200000,0.4659070678
810560,0.0128000000,0.5956916503
810579,0.0039200000,0.1574980713
810647,0.0039200000,0.7127766898
810948,0.0065800000,0.4780131743
811051,0.0674720378,0.0885407394
811099,0.0144000000,0.7946709394
811255,0.0170000000,0.2300160228
811453,0.0132000000,0.2458014361
812126,0.0141000000,0.6119518129
812493,0.0125000000,0.7236365794
812842,0.0039200000,0.5775918343
813365,0.0039200000,0.0332324491
813491,0.0410000000,0.3452020652
813524,0.0083000000,0.7078511661
813670,0.0039200000,0.2560085455
813798,0.0091800000,0.2223013471
814056,0.0087600000,0.1661622456
814153,0.0039200000,0.1363123850
814253,0.1420699277,0.7112337547
814256,0.1484425279,0.2625956917
814293,0.0523000000,0.0880066465
814304,0.0840061963,0.2364251380
814310,0.0067600000,0.2517358020
814422,0.0095400000,0.1395169426
814859,0.0259000000,0.4110141831
814881,0.0200000000,0.4516052460
814927,0.0196000000,0.1969022610
815088,0.0092600000,0.1388641624
815295,0.0260000000,0.2508456471
815314,0.0078700000,0.8216723043
815411,0.0553000000,0.0820129369
815554,0.0039200000,0.2023025340
815577,0.0039200000,0.4231202896
815586,0.0154000000,0.1025458430
815587,0.0276000000,0.3679306866
815666,0.0039200000,0.1069966174
815875,0.0082500000,0.3883449053
816089,0.0105000000,0.4933238383
816145,0.0094600000,0.3000415406
816234,0.0063300000,0.8594148715
816242,0.0073900000,0.7223903626
816640,0.0039200000,0.4400332324
816653,0.0866281831,0.3511364311
816838,0.0039200000,0.2780250430
816850,0.0039200000,0.5297015014
816952,0.0341000000,0.4091151860
817083,0.0108000000,0.8752596285
817112,0.0039200000,0.9339505074
817183,0.0382000000,0.1187466619
817204,0.0055900000,0.1230787490
817246,0.0242000000,0.0998753783
817742,0.0163000000,0.5660791644
817900,0.0418000000,0.1034359979
817907,0.0150000000,0.6076197258
818146,0.0090400000,0.7159219037
818155,0.0039200000,0.2017684410
818277,0.0131000000,0.5022253872
818340,0.0826807242,0.1994540383
818440,0.0086700000,0.1599905050
818666,0.0149000000,0.8517595395
818690,0.0039200000,0.0823096552
818790,0.0039200000,0.0946531363
818797,0.0145000000,0.5330247463
818814,0.0261000000,0.0724586078
818851,0.0138000000,0.3521452733
818878,0.0090000000,0.4802682333
819068,0.0039200000,0.3618182897
819268,0.0087000000,0.4286985936
819302,0.0039200000,0.3355883924
819425,0.0039200000,0.1165509465
819522,0.0288000000,0.3736276779
819613,0.0039200000,0.5873835381
819647,0.0116000000,0.3785532016
819672,0.0039200000,0.1788617886
819999,0.0637000000,0.7361580915
820025,0.0082000000,0.2590944158
820251,0.0147000000,0.1849148418
820272,0.0210000000,0.0634977153
820585,0.0839043863,0.0882440211
820661,0.0188000000,0.3007536645
821083,0.0039200000,0.3434217554
821609,0.0264000000,0.3805708860
821637,0.0039200000,0.8870096730
821669,0.0039200000,0.9480149546
821949,0.0039200000,0.3602753546
821996,0.0039200000,0.6267283841
822112,0.0039200000,0.4538009614
822482,0.0174000000,0.3114355231
822506,0.0274000000,0.1548869503
822715,0.0172000000,0.1716812059
823054,0.0153000000,0.3522639606
823083,0.0840148633,0.2612307875
823106,0.0187000000,0.3634799122
823115,0.0366000000,0.0955432912
823261,0.0295000000,0.1110913299
823288,0.0169000000,0.6334935612
823350,0.0039200000,0.4111922141
823506,0.0091600000,0.5158744288
823784,0.0120000000,0.6691591004
823999,0.0125000000,0.2166636995
824087,0.0039200000,0.6823927363
824130,0.0204000000,0.0469408344
824155,0.0233000000,0.1915019880
826951,0.0039200000,0.1180938817
831481,0.0457000000,0.0619547801
832331,0.0039200000,0.0413031868
834711,0.0039200000,0.3296540265
836241,0.0067100000,0.6319506261
837791,0.0076400000,0.4722568394
839201,0.0223000000,0.7642276423
839321,0.0827373357,0.8179336538
840561,0.0215000000,0.1423654383
843631,0.0459000000,0.0559017269
847721,0.0090700000,0.2196308824
849101,0.0220000000,0.7583526200
849591,0.0391000000,0.3163017032
851991,0.0222000000,0.1440270607
853061,0.0039200000,0.1684766483
854671,0.0153000000,0.0968488517
855061,0.0311000000,0.4283425316
856401,0.0295000000,0.3563586731
858051,0.0315000000,0.3266868435
859671,0.0039200000,0.5726069669
863101,0.0176000000,0.2253278737
863161,0.0039200000,0.3827072577
863971,0.0073900000,0.2498368049
864531,0.0061500000,0.2104919589
866481,0.0347000000,0.0957806658
866661,0.0128000000,0.6341463415
867641,0.0239000000,0.5948014955
870511,0.0126000000,0.6558067770
870541,0.0333000000,0.1945285146
873731,0.0124000000,0.3468043440
875841,0.0180000000,0.1466975254
875931,0.0300000000,0.3297727138
876571,0.0138000000,0.2470476530
877781,0.0238000000,0.1462821198
880621,0.0091400000,0.5311257492
883971,0.0041500000,0.8116432259
884301,0.0039200000,0.3532728028
885361,0.0039200000,0.4726722450
886071,0.0166000000,0.2980831998
886841,0.0391000000,0.1210610646
887151,0.0394000000,0.0745356359
888981,0.0078700000,0.7677882618
890101,0.0601000000,0.1428401875
893431,0.0039200000,0.2859770933
894471,0.0509000000,0.0624888731
894591,0.0499000000,0.1352441992
896061,0.0140000000,0.1496647083
899671,0.0299000000,0.3476944988
900421,0.0401000000,0.1398730046
901651,0.0404000000,0.4368880185
913681,0.0237000000,0.3175479200
915051,0.0074400000,0.1869325263
917171,0.0039200000,0.0632009970
918711,0.0115000000,0.4592012343
919541,0.0039200000,0.8979882500
920041,0.0062200000,0.1839653433
922011,0.0250000000,0.0321642633
922961,0.0090500000,0.2441991573
926981,0.0932722737,0.6972286511
928301,0.0107000000,0.3336893953
928691,0.0702632962,0.0510948905
932781,0.0123000000,0.0464660851
934071,0.0316000000,0.2086523055
935231,0.0234000000,0.2284730877
935801,0.0039200000,0.2952347042
935991,0.0039200000,0.1129903270
941401,0.0039200000,0.2177318853
942071,0.0134000000,0.1851522165
942561,0.0039200000,0.3928550234
944511,0.0328000000,0.1314462050
945951,0.0142000000,0.3161236722
946021,0.0212000000,0.5207406089
948461,0.0192000000,0.1284790220
949401,0.0163000000,0.2948192986
953321,0.0113000000,0.7046466085
954721,0.0178000000,0.8062429529
957271,0.0492000000,0.3354697051
958091,0.0039200000,0.8653492374
959201,0.0311000000,0.1039107471
961201,0.0459000000,0.0976203193
962201,0.0366000000,0.1249184025
962211,0.0443000000,0.4903566554
963111,0.0242000000,0.1847368109
964091,0.0039200000,0.5244792594
964981,0.0039200000,0.3104860246
973421,0.0089500000,0.4030621328
973681,0.0039200000,0.5357545546
975441,0.0161000000,0.2296599608
975691,0.0359000000,0.5639427927
976521,0.0203000000,0.3472197496
978151,0.0335000000,0.1650940597
980361,0.0221000000,0.8978695626
988341,0.0039200000,0.5890451605
988491,0.0104000000,0.2780250430
989231,0.0219000000,0.3796213875
989321,0.0296000000,0.8924692897
989481,0.0039200000,0.5549819002
990081,0.0155000000,0.3505429945
990831,0.0428000000,0.2757106403
991221,0.0932356872,0.1007061895
992941,0.0039200000,0.9363835974
1002981,0.0175000000,0.3780191087
1003091,0.0121000000,0.1246810278
1003381,0.0039200000,0.2128657053
1003651,0.0171000000,0.4724348703
1006741,0.0244000000,0.8441042075
1009241,0.0118000000,0.3090617767
1010381,0.0081300000,0.5396712361
1012381,0.0252000000,0.2823571301
1013671,0.0517000000,0.1955967005
1014521,0.0210000000,0.3542223013
1014771,0.0070100000,0.7931280043
1015571,0.0243000000,0.4106581212
1016891,0.0255000000,0.0264672720
1017161,0.0039200000,0.3010503828
1019091,0.0122000000,0.1058690879
1019941,0.0356000000,0.1227226871
1019951,0.0039200000,0.3913120883
1021121,0.0160000000,0.3924989615
1021431,0.0133000000,0.1045041837
1028071,0.0162000000,0.5912408759
1028841,0.0415000000,0.4005696991
1029061,0.0132000000,0.5517179989
1035141,0.0201000000,0.5682155362
1035491,0.0622000000,0.1954186695
1035601,0.0160000000,0.1263426503
1040391,0.0117000000,0.2504302415
1040881,0.0070800000,0.3618182897
1044691,0.0368000000,0.2567800131
1048691,0.0080000000,0.5772951160
1050851,0.0039200000,0.3836567563
1055701,0.0920531979,0.0219571539
1056611,0.0086300000,0.2810515696
1058241,0.0039200000,0.6507625660
1059391,0.0039200000,0.3717880244
1060851,0.0148000000,0.2749985164
1061241,0.0217000000,0.4833541036
1062161,0.0379000000,0.2379087295
1062201,0.0045100000,0.7699246336
1063321,0.0492000000,0.2070500267
1071001,0.0209000000,0.2667497478
1072341,0.0795581514,0.1220105632
1073271,0.0230000000,0.1318022669
1074661,0.0134000000,0.3492967776
1075871,0.0039200000,0.1037920598
1081711,0.0039200000,0.1904931458
1082331,0.0489000000,0.0725772951
1082741,0.0039200000,0.6509405970
1085411,0.0055800000,0.5348050561
1086101,0.0111000000,0.4282831879
1086231,0.0124000000,0.3236009732
1088251,0.0135000000,0.0109785769
1091241,0.0441000000,0.6423951101
1097451,0.0169000000,0.0602338140
1100251,0.0370000000,0.0989852234
1106871,0.0039200000,0.1194587858
1108221,0.0080500000,0.1039700908
1111341,0.0041800000,0.3560619548
1111971,0.0039200000,0.4499436235
1113931,0.0039200000,0.4828793543
1119881,0.0039200000,0.8265384844
1120611,0.0318000000,0.2451486559
1123751,0.0118000000,0.3027713489
1126051,0.0505000000,0.2079401816
1127221,0.0039200000,0.3571894843
1128181,0.0167000000,0.2453860305
1131321,0.0595000000,0.1119814848
1131911,0.0275000000,0.1093703638
1131991,0.0187000000,0.1494273337
1134851,0.0135000000,0.2546436413
1136351,0.0201000000,0.2992107293
1139031,0.0219000000,0.2240223132
1142041,0.0039200000,0.1403477538
1142941,0.0131000000,0.8025043024
1145711,0.0320000000,0.4700017803
1145991,0.0126000000,0.5329060590
1146711,0.0174000000,0.4153462703
1148791,0.0066400000,0.2016497537
1155011,0.0227000000,0.4578956738
1155731,0.0561000000,0.0826657172
1155841,0.0108000000,0.3697109964
1156271,0.0055800000,0.4967064269
1160431,0.0174000000,0.1464601507
1163001,0.0039200000,0.5456056020
1164771,0.0039200000,0.7314699424
1164941,0.0039200000,0.1083021779
1166161,0.0225000000,0.7348525310
1168641,0.0122000000,0.4135066168
1172801,0.0252000000,0.2112634265
1174791,0.0039200000,0.1754198564
1175831,0.0053600000,0.2497181176
1175981,0.0041600000,0.6968725892
1177771,0.0056700000,0.2533974245
1181991,0.0053900000,0.0722212332
1182381,0.0180000000,0.6748560916
1182481,0.0103000000,0.3795620438
1182941,0.0265000000,0.3948727079
1183711,0.0039200000,0.4472731589
1187441,0.0176000000,0.2546436413
1190001,0.0277000000,0.3713726188
1196881,0.0095600000,0.2458014361
1197291,0.0126000000,0.1947658893
1198761,0.0039200000,0.7492136965
1198931,0.0152000000,0.0892528633
1200241,0.0324000000,0.0590469408
1207381,0.0039200000,0.8181710284
1208861,0.0272000000,0.3287045279
1221291,0.0039200000,0.1874666192
1222721,0.0173000000,0.1621268767
1229291,0.0290000000,0.2173758234
1231941,0.0039200000,0.4146934900
1232991,0.0595000000,0.1513856744
1237211,0.0195000000,0.4786659545
1238041,0.0230000000,0.8059462346
1239301,0.0039200000,0.1405851285
1239611,0.0039200000,0.3541629577
1239741,0.0283000000,0.4283425316
1240221,0.0158000000,0.2649100944
1241201,0.0107000000,0.0351907899
1241691,0.0167000000,0.3730935850
1249431,0.0319000000,0.7314105988
1250721,0.0152000000,0.2719719898
1252681,0.0039200000,0.0838525904
1253451,0.0426000000,0.2400451012
1258081,0.0039200000,0.3980179218
1260061,0.0179000000,0.0661088363
1263311,0.0083800000,0.2164263248
1265581,0.0041600000,0.6830455166
1274141,0.0527000000,0.1782683520
1274561,0.0039200000,0.8637469586
1274591,0.0171000000,0.6399026764
1278681,0.0127000000,0.5024627619
1283191,0.0044700000,0.7414990208
1285001,0.0115000000,0.1048602457
1289501,0.0423000000,0.1382707258
1293681,0.0078700000,0.9041599905
1294531,0.0039200000,0.7864221708
1295261,0.0090700000,0.0737048246
1298301,0.0205000000,0.2958874844
1310341,0.0102000000,0.3070440923
1322241,0.0078100000,0.6345617471
1322801,0.0039200000,0.1095483948
1330201,0.0039200000,0.4117263070
1340351,0.0206000000,0.5068541926
1345601,0.0138000000,0.2622396297
1349481,0.0235000000,0.3290012462
1355401,0.0182000000,0.2420627856
1359121,0.0332000000,0.0977390066
1360641,0.0119000000,0.2725654264
1361061,0.0074600000,0.4172452673
1361551,0.0193000000,0.1890095543
1366401,0.0255000000,0.3862085336
1366741,0.0288000000,0.1364904160
1376341,0.0039200000,0.5590172690
1379551,0.0039200000,0.2104919589
1383431,0.0113000000,0.3107233992
1389901,0.0140000000,0.9701501395
1391041,0.0060000000,0.2525666133
1392351,0.0201000000,0.2468102783
1392841,0.0174000000,0.2859770933
1397311,0.0153000000,0.1259865883
1398661,0.0089300000,0.3609874785
1404471,0.0181000000,0.2142306095
1405771,0.0263000000,0.2466915910
1406321,0.0101000000,0.2758293276
1408451,0.0039200000,0.3933297727
1410371,0.0424000000,0.3497715269
1412281,0.0134000000,0.1566672601
1413131,0.0390000000,0.4035368821
1416491,0.0039200000,0.1774968845
1424471,0.0177000000,0.1844994362
1426141,0.0064600000,0.2003441932
1427181,0.0114000000,0.4498842799
1429511,0.0039200000,0.7763930924
1432581,0.0039200000,0.2278203074
1433701,0.0163000000,0.1810575040
1436861,0.0363000000,0.5791347694
1438261,0.0205000000,0.3593851997
1439931,0.0608000000,0.0791644413
1455981,0.0442000000,0.1990979764
1458531,0.0039200000,0.5032342294
1458581,0.0268000000,0.1164322592
1468471,0.0544000000,0.2036674381
1471341,0.0065500000,0.8660020177
1472771,0.0039200000,0.8614918996
1474021,0.0394000000,0.0742389176
1477191,0.0271000000,0.0799952525
1484201,0.0039200000,0.1979704469
1484721,0.0428000000,0.1980297905
1486611,0.0963184244,0.0528158566
1492761,0.0172000000,0.0932288885
1494391,0.0107000000,0.7132514391
1496591,0.0125000000,0.2014717227
1520471,0.0077200000,0.3068067177
1525031,0.0076300000,0.4431784464
1530371,0.1246734244,0.0817755623
1536651,0.0039200000,0.5515399680
1538521,0.0076300000,0.8023856151
1541211,0.0039200000,0.1941131090
1543511,0.0155000000,0.5127885585
1551771,0.0088700000,0.7412616462
1557761,0.0433000000,0.7523589105
1557891,0.0039200000,0.6497537238
1562731,0.0220000000,0.2225387217
1563641,0.0137000000,0.6422170791
1571151,0.0039200000,0.2747611418
1582961,0.0134000000,0.9391727494
1585761,0.0174000000,0.2456234051
1587911,0.0187000000,0.1894843036
1596091,0.0072900000,0.4825826360
1596101,0.0145000000,0.2081182126
1596531,0.0159000000,0.3541036140
1600751,0.0039200000,0.4730876506
1602011,0.0170000000,0.6627499852
1605791,0.0542000000,0.0652186814
1605831,0.0134000000,0.5278618480
1608751,0.0247000000,0.5226396060
1610091,0.0149000000,0.1951219512
1610571,0.0434000000,0.1029019049
1611381,0.0285000000,0.0653373687
1614411,0.0936736801,0.2401044448
1622701,0.0595000000,0.2566019821
1624671,0.0039200000,0.9937689158
1630031,0.0039200000,0.7409055842
1633081,0.0076500000,0.3598599490
1638691,0.0230000000,0.1139398255
1651101,0.0159000000,0.3723221174
1652061,0.0097000000,0.0524597947
1652821,0.0089800000,0.6765770577
1653051,0.0245000000,0.7237552667
1666871,0.0190000000,0.3265681562
1669681,0.0039200000,0.5286926592
1675731,0.0039200000,0.8353806896
1678411,0.0278000000,0.0981544122
1680541,0.0039200000,0.3319090855
1682211,0.0156000000,0.3286451843
1685091,0.0187000000,0.5225802623
1687011,0.0133000000,0.1668150258
1699751,0.0169000000,0.1058690879
1705281,0.0460000000,0.2073467450
1706681,0.0045800000,0.2593911341
1709901,0.0060300000,0.6545012165
1712571,0.0144000000,0.0982137559
1714051,0.0201000000,0.2583229482
1715091,0.0308000000,0.2079995253
1716121,0.0039200000,0.3316123672
1718601,0.0071800000,0.2992700730
1718961,0.0102000000,0.6761023085
1720331,0.0039200000,0.1665776512
1729241,0.0039200000,0.5006824521
1730551,0.0039200000,0.5128479022
1731681,0.0039200000,0.2037861255
1733351,0.0145000000,0.5882143493
1733621,0.0039200000,0.2614088185
1735561,0.0299000000,0.2430716278
1747681,0.0213000000,0.0804106581
1753021,0.0119000000,0.1600498487
1755761,0.0413000000,0.3300100884
1760711,0.0472000000,0.1186279746
1764801,0.0039200000,0.1453326212
1765001,0.0328000000,0.2192154768
1768041,0.0214000000,0.2196308824
1769391,0.0357000000,0.2901311495
1771321,0.0520000000,0.2438430954
1772451,0.0039200000,0.1099638004
1775861,0.0080400000,0.1426621565
1777681,0.0076600000,0.1083021779
1786141,0.0105000000,0.3054418135
1787821,0.0171000000,0.0129369177
1789221,0.0114000000,0.4821078868
1792511,0.0039200000,0.1242656222
1793271,0.0045800000,0.4431784464
1793721,0.0039200000,0.3622336953
1795281,0.0316000000,0.2259806540
1812281,0.0039200000,0.4787846419
1817081,0.0200000000,0.1139398255
1818321,0.0039200000,0.3118509287
1819231,0.0138000000,0.2612307875
1822081,0.0287000000,0.0696101122
1825081,0.0291000000,0.1327517655
1827351,0.0194000000,0.4400925761
1831611,0.0205000000,0.1751824818
1836791,0.0829222285,0.1074713667
1842321,0.0620000000,0.2100172097
1849181,0.0371000000,0.0995786600
1851701,0.0295000000,0.2997448223
1867121,0.0144000000,0.2462761854
1867981,0.0293000000,0.4549284909
1869421,0.0131000000,0.2441991573
1878461,0.0126000000,0.7045872649
1885221,0.0039200000,0.5626372322
1912641,0.0152000000,0.5859592902
1932321,0.0070600000,0.1522758293
1934671,0.0039200000,0.2777876684
1935451,0.0573000000,0.0440923387
1935681,0.0039200000,0.1649753724
1940581,0.0039200000,0.4232389769
1947181,0.0130000000,0.2268114652
1950231,0.0261000000,0.4724348703
1951731,0.0243000000,0.0843866833
1952451,0.0252000000,0.3824698831
1954471,0.0039200000,0.4312503709
1961661,0.0039200000,0.7663046703
1961791,0.0369000000,0.1426028129
1970351,0.0039200000,0.2427155658
1976041,0.0158000000,0.2942852056
1976471,0.0324000000,0.5649516349
1981091,0.0261000000,0.3831820070
1984701,0.0154000000,0.5070915673
1984901,0.0053500000,0.8482582636
1988241,0.0087600000,0.0926354519
2001231,0.0129000000,0.4219334164
2007201,0.0044700000,0.4041896623
2008291,0.0304000000,0.2303720847
2009991,0.0243000000,0.1450359029
2017551,0.0185000000,0.1877633375
2024911,0.0175000000,0.4251379740
2030631,0.0255000000,0.2748204854
2038811,0.0171000000,0.1363717287
2039141,0.0039200000,0.3351136431
2041851,0.0289000000,0.1926295175
2046001,0.0039200000,0.1923327992
2051331,0.0171000000,0.7451189840
2052851,0.0104000000,0.7199572726
2054641,0.0183000000,0.4035368821
2055061,0.0527000000,0.3412853837
2059051,0.0085000000,0.3079935909
2061671,0.0366000000,0.1132870453
2062801,0.1000595562,0.4447807252
2066291,0.0039200000,0.5704705952
2067211,0.0039200000,0.1033173105
2067251,0.0237000000,0.4029434455
2067291,0.0451000000,0.0788677230
2067431,0.0365000000,0.6127826242
2067591,0.0039200000,0.0815381876
2067851,0.0244000000,0.1974363539
2069781,0.0312000000,0.0916859534
2075921,0.0142000000,0.6301109726
2095901,0.0275000000,0.1256305264
2098401,0.0852242162,0.0119874191
2102521,0.0075300000,0.4409233873
2102961,0.0112000000,0.2676992463
2115651,0.0375000000,0.0937036378
2117101,0.0078100000,0.6257195419
2118301,0.0111000000,0.1863390897
2118601,0.0121000000,0.2360690760
2119441,0.0127000000,0.5081597531
2132751,0.0039200000,0.3454394398
2135381,0.0217000000,0.1246216842
2142111,0.0552000000,0.1974956976
2155541,0.0186000000,0.8714616343
2162931,0.0117000000,0.2852056258
2168981,0.0261000000,0.3551717999
2170361,0.0441000000,0.1821256899
2181771,0.0456000000,0.1376772892
2186801,0.0441000000,0.0782149427
2188291,0.0341000000,0.6850632010
2191831,0.0201000000,0.0804106581
2199011,0.0039200000,0.4996736099
2199211,0.0160000000,0.5517773426
2202821,0.0280000000,0.3094771824
2202921,0.0140000000,0.7311138805
2203361,0.0126000000,0.3809269480
2209091,0.0469000000,0.3170731707
2225211,0.0094600000,0.5631713251
2230831,0.0384000000,0.2815856626
2230871,0.0039200000,0.8362708445
2240461,0.0154000000,0.2970743576
2242021,0.0561000000,0.2376713548
2249841,0.0039200000,0.2694795561
2253551,0.0039200000,0.6822147054
2261781,0.0295000000,0.2969556703
2267961,0.0040600000,0.4135659605
2271071,0.0163000000,0.0509168595
2276201,0.0039200000,0.2590944158
2281921,0.0089300000,0.7397187111
2315721,0.0265000000,0.2196308824
2315961,0.0239000000,0.2468102783
2321411,0.0039200000,0.5187229245
2330351,0.0143000000,0.4425256661
2334361,0.0492000000,0.2143492968
2338131,0.0039200000,0.2612901311
2351981,0.0564000000,0.1001720966
2365621,0.0039200000,0.6843510771
2365671,0.0039200000,0.7854133286
2366151,0.0039200000,0.5549225565
2377041,0.0097400000,0.3865052519
2380871,0.0326000000,0.7156845291
2381981,0.0158000000,0.3858524717
2382161,0.0136000000,0.2341107353
2382831,0.0281000000,0.7023322058
2388101,0.0265000000,0.0710343600
2390651,0.0155000000,0.3790872945
2394081,0.0118000000,0.1974363539
2395111,0.0087300000,0.8011987419
2398211,0.0105000000,0.2718533025
2399861,0.0074600000,0.6823927363
2403061,0.0264000000,0.5976499911
2417291,0.0039200000,0.0526378257
2434151,0.0039200000,0.0423120290
2446551,0.0047500000,0.7586493383
2464511,0.0433000000,0.2633671592
2464681,0.0419000000,0.1135837636
2477911,0.0139000000,0.2918521156
2485041,0.0039200000,0.3751706130
2490501,0.0414000000,0.4142187407
2497401,0.0169000000,0.6053053231
2504521,0.0104000000,0.0769093822
2527611,0.0039200000,0.7797163373
2533031,0.0079200000,0.3871580322
2541771,0.0114000000,0.3847842858
2556981,0.0123000000,0.1589223192
2558991,0.0039200000,0.5708266572
2572191,0.0339000000,0.1742923269
2576431,0.0083700000,0.2011156608
2585501,0.0177000000,0.6823333927
2585721,0.0356000000,0.0662275236
2593511,0.0039200000,0.4097679663
2598511,0.0039200000,0.5051925702
2607441,0.0058400000,0.2545842977
2608181,0.0058200000,0.3433030681
2608241,0.0250000000,0.1695448341
2609871,0.0143000000,0.1176191324
2613491,0.0039200000,0.3888196546
2615911,0.0249000000,0.1151860424
2621591,0.0217000000,0.2820010682
2628121,0.0857231132,0.1029612486
2633051,0.0216000000,0.2368998872
2641241,0.0073800000,0.6978814314
2642921,0.0039200000,0.6150970269
2650981,0.0417000000,0.5540917453
2662301,0.0056700000,0.5889858169
2664781,0.0039200000,0.6575870868
2664961,0.0238000000,0.2931576761
2667161,0.0153000000,0.5120764346
2671491,0.0121000000,0.2601626016
2675311,0.0039200000,0.4970031452
2676261,0.0140000000,0.1454513085
2676481,0.0135000000,0.3118509287
2677771,0.0080900000,0.3467450003
2679741,0.0253000000,0.3007536645
2681811,0.0441000000,0.2173164797
2682541,0.0039200000,0.0833184974
2684891,0.0193000000,0.1503768322
2688681,0.0261000000,0.2616461931
2692851,0.0166000000,0.2001068186
2699621,0.0267000000,0.1375586019
2721281,0.0117000000,0.3046110023
2722551,0.0261000000,0.5586612071
2724731,0.0039200000,0.4094119043
2732161,0.0039200000,0.2846121892
2737751,0.0339000000,0.6011512670
2748771,0.0086300000,0.2380867604
2753881,0.0812345503,0.1243249659
2754241,0.0039200000,0.1579728206
2760141,0.0728145078,0.1104978933
2762801,0.0262000000,0.1008842205
2774921,0.0261000000,0.5719541867
2776761,0.0210000000,0.3023559433
2793651,0.0357000000,0.2491246810
2801971,0.0186000000,0.1335232330
2803761,0.0039200000,0.5481573794
2804281,0.0107000000,0.5580084268
2806411,0.0365000000,0.1610586909
2819291,0.0129000000,0.4098866536
2821601,0.0085200000,0.3835974126
2837531,0.0125000000,0.2298379918
2841791,0.0039200000,0.4294700611
2844701,0.0177000000,0.4273930331
2858901,0.0163000000,0.3736276779
2873271,0.0039200000,0.4638893834
2876161,0.0140000000,0.3114948668
2877471,0.0039200000,0.6235238265
2888681,0.0126000000,0.5791347694
2891781,0.0088600000,0.3992047950
2895661,0.0084600000,0.3694142781
2902141,0.0119000000,0.0503234229
2902481,0.0039200000,0.3302474631
2903581,0.0438000000,0.4340988665
2910091,0.0039200000,0.1632544063
2911521,0.0116000000,0.8545486915
2912581,0.0168000000,0.5595513619
2920661,0.0280000000,0.4301228414
2922721,0.0531000000,0.1474096493
2926081,0.0039200000,0.0934069195
2933131,0.0039200000,0.4645421637
2934631,0.0043300000,0.4198563883
2941161,0.0152000000,0.6892172571
2941591,0.0278000000,0.3267461872
2945671,0.0296000000,0.2141712658
2948211,0.0170000000,0.6303483473
2948471,0.0200000000,0.0241528693
2952091,0.0147000000,0.3938638656
2955311,0.0245000000,0.3219986944
2960351,0.0281000000,0.1974956976
2966511,0.0309000000,0.3723221174
2970521,0.0247000000,0.7228651119
2971731,0.0138000000,0.2748798291
2977411,0.0039200000,0.3247285028
2978801,0.0039200000,0.1281823037
2979141,0.0225000000,0.2142899531
2985631,0.0191000000,0.4458489110
2986671,0.0618000000,0.1085395525
2988331,0.0472000000,0.2154174826
2993021,0.0039200000,0.0370304433
2994961,0.0598000000,0.1706723637
2995781,0.0220000000,0.0900243309
2998521,0.0104000000,0.0899056436
3000121,0.0169000000,0.3764761735
3001021,0.0316000000,0.0845647143
3003631,0.0255000000,0.3284078096
3005031,0.0221000000,0.3871580322
3011421,0.0294000000,0.1478250549
3015121,0.0144000000,0.0894308943
3023081,0.0060300000,0.6116550947
3025261,0.1668472621,0.0563764762
3037231,0.0039200000,0.4362945819
3041621,0.1082306652,0.5715981247
3043001,0.0090400000,0.4205091686
3043421,0.0231000000,0.3421755385
3048711,0.0098600000,0.4813957629
3050671,0.0039200000,0.4702984986
3068181,0.0200000000,0.1590410065
3069221,0.0427000000,0.6800189900
3070611,0.0121000000,0.4605661385
3077961,0.0231000000,0.1277668981
3080581,0.0312000000,0.1570826657
3082721,0.0039200000,0.9103910747
3083971,0.0299000000,0.1478250549
3085101,0.0141000000,0.1291318023
3088511,0.0488000000,0.1662215892
3089341,0.0306000000,0.2485905881
3093591,0.0225000000,0.0440923387
3095161,0.0097300000,0.2894783692
3096351,0.0347000000,0.0608865943
3098341,0.0200000000,0.2087116492
3101811,0.0806817756,0.1209423773
3104161,0.0176000000,0.2650287817
3107351,0.0105000000,0.3339267699
3110751,0.0377000000,0.1456293395
3113751,0.0060800000,0.1138211382
3114881,0.0164000000,0.0975609756
3115311,0.0140000000,0.5097026883
3123671,0.0193000000,0.1192214112
3123781,0.0650791540,0.0849207762
3127331,0.0039200000,0.3268055308
3132391,0.0039200000,0.6969319328
3149831,0.0039200000,0.2628330663
3151101,0.0404000000,0.0919233280
3152521,0.0200000000,0.0378019109
3162421,0.0158000000,0.4834727909
3164611,0.0118000000,0.3580796392
3170651,0.0058400000,0.2152987953
3176081,0.0068200000,0.4320218385
3180341,0.0084300000,0.2748204854
3180991,0.0281000000,0.0534686369
3187421,0.0601000000,0.1678238680
3188291,0.0378000000,0.1056317133
3189761,0.0150000000,0.2570173877
3191301,0.0313000000,0.2872233102
3201021,0.1112480811,0.0194053765
3201951,0.0039200000,0.8125333808
3205981,0.0151000000,0.3445492849
3212251,0.0167000000,0.4510118094
3212481,0.1141346013,0.0636757463
3213261,0.0334000000,0.0856922438
3214111,0.0168000000,0.5040056970
3216681,0.0144000000,0.1894249599
3218161,0.0161000000,0.0850394635
3218781,0.0057400000,0.0696694558
3219071,0.1906392169,0.0399382826
3219551,0.0185000000,0.3538068957
3220271,0.0437000000,0.1737582339
3220501,0.0140000000,0.0776808498
3220891,0.0039200000,0.5101180939
3223621,0.0137000000,0.3371906712
3224661,0.0060500000,0.6047118865
3225561,0.0184000000,0.5692837220
3226691,0.0317000000,0.2612901311
3229511,0.0063300000,0.4283425316
3238871,0.0097900000,0.5726663106
3240311,0.0091300000,0.4437125393
3241231,0.0892365679,0.0634977153
3242121,0.0134000000,0.0868197733
3242491,0.0039200000,0.4281051570
3246031,0.2112022059,0.0372084743
3246671,0.0039200000,0.1231974364
3265621,0.0238000000,0.3423535695
3269711,0.0351000000,0.1916206753
3271221,0.0679039719,0.2092457421
3271411,0.0221000000,0.1876446502
3273211,0.0039200000,0.7768678417
3274831,0.0480000000,0.2199276007
3275571,0.0143000000,0.2513797401
3279441,0.1353209583,0.0879473028
3282501,0.0217000000,0.3282297786
3283111,0.0372000000,0.2075841196
3290251,0.0644049557,0.1157794790
3290711,0.1374496866,0.0173876921
3295301,0.0039200000,0.0995786600
3295761,0.1405481495,0.0700848614
3296171,0.0104000000,0.5006231084
3298791,0.0217000000,0.3098332443
3301091,0.0187000000,0.5138567444
3302431,0.0170000000,0.1408818468
3304571,0.0768821586,0.0670583348
3304641,0.0598000000,0.1250370898
3305611,0.0552000000,0.1541748264
3307661,0.0210000000,0.0688979883
3308201,0.0265000000,0.1477063676
3309511,0.0559000000,0.1042668091
3312551,0.0039200000,0.4203904813
3314811,0.2053286847,0.0197614385
3316031,0.0039200000,0.3849623168
3316231,0.0301000000,0.2046762803
3317361,0.0039200000,0.8328289122
3318851,0.0285000000,0.1849148418
3321001,0.0125000000,0.3037801911
3322301,0.0629000000,0.0723992641
3324401,0.0183000000,0.1706723637
3326051,0.0128000000,0.0503827666
3328331,0.0136000000,0.3561806421
3328411,0.0227000000,0.1429588748
3330551,0.0345000000,0.0684825826
3337171,0.0309000000,0.2700136490
3338021,0.0080700000,0.4151682393
3342401,0.0665062410,0.1154827607
3343131,0.0119000000,0.0290190493
3343211,0.0079600000,0.0132336360
3352001,0.0460000000,0.0581567860
3352981,0.0291000000,0.3691769034
3359851,0.0279000000,0.1167883212
3365791,0.0110000000,0.2130437363
3366001,0.0092400000,0.6652424188
3372141,0.0224000000,0.6450655747
3372471,0.0039200000,0.7623286452
3375481,0.0235000000,0.0994006290
3375921,0.0280000000,0.0957806658
3376281,0.0212000000,0.3325618658
3376331,0.0039200000,0.5307103436
3377241,0.0149000000,0.0684825826
3380781,0.0284000000,0.0592249718
3381511,0.0039200000,0.2835440033
3382001,0.0167000000,0.2276422764
3382201,0.0039200000,0.6025755148
3384481,0.0294000000,0.1272328052
3384961,0.0139000000,0.4702391549
3386941,0.0147000000,0.8029197080
3387431,0.0146000000,0.4251379740
3387891,0.0045800000,0.6059581034
3388481,0.0196000000,0.5552786185
3391351,0.0217000000,0.3227701620
3394331,0.0100000000,0.2009969735
3394441,0.0236000000,0.3507210255
3395021,0.0039200000,0.2052697169
3395361,0.0440000000,0.1043261528
3395481,0.0284000000,0.3306035250
3395631,0.0279000000,0.3776037030
3395921,0.0166000000,0.1796925998
3400071,0.0190000000,0.1396949736
3402381,0.0331000000,0.5888671295
3403451,0.0372000000,0.1522758293
3405281,0.0195000000,0.1559551362
3408191,0.0039200000,0.3683460922
3408881,0.0165000000,0.5199691413
3409701,0.0241000000,0.1599905050
3418501,0.0129000000,0.4184914842
3419011,0.0206000000,0.1690700849
3421771,0.0039200000,0.3545190196
3422591,0.0077000000,0.1114473918
3427751,0.0224000000,0.1230787490
3434831,0.0485000000,0.1622455641
3440621,0.0354000000,0.0913892351
3442281,0.0309000000,0.4498249362
3442561,0.0102000000,0.0894902380
3447881,0.0154000000,0.0664648982
3451931,0.0233000000,0.4318438075
3472771,0.0630000000,0.2375526675
3472871,0.0149000000,0.3473977805
3474461,0.0103000000,0.3337487389
3476521,0.0194000000,0.3812830099
3477401,0.0176000000,0.1322770162
3477731,0.0039200000,0.8602456827
3486871,0.0230000000,0.1380926948
3490841,0.0221000000,0.0553082903
3491601,0.0039200000,0.0753071034
3494351,0.0170000000,0.1110913299
3495691,0.0082800000,0.6762803394
3500971,0.0103000000,0.5129072459
3504511,0.0313000000,0.1801673491
3504641,0.0039200000,0.3057978755
3506041,0.0249000000,0.2148833897
3512041,0.0451000000,0.1428995312
3516231,0.0142000000,0.2296599608
3516311,0.0142000000,0.4969438016
3520261,0.0726566257,0.0531125749
3523861,0.0424000000,0.3354103614
3524301,0.0199000000,0.1850335292
3526691,0.0074100000,0.4876268471
3527161,0.0107000000,0.3774256721
3530471,0.0151000000,0.3409886654
3531791,0.0228000000,0.2865705299
3532991,0.0152000000,0.7524775978
3533311,0.0145000000,0.1988012581
3533811,0.0219000000,0.2346448282
3534971,0.0059500000,0.1471722746
3535971,0.0209000000,0.1329297965
3536301,0.0169000000,0.1049195893
3536531,0.0389000000,0.2459201234
3540471,0.0197000000,0.2160109192
3540571,0.0162000000,0.1642632485
3549531,0.0042100000,0.6285086938
3550301,0.0039200000,0.1902557712
3551171,0.0231000000,0.2979051688
3554911,0.0108000000,0.1826004391
3558391,0.0087300000,0.6676161652
3558961,0.0198000000,0.1033766542
3563691,0.0173000000,0.3134532075
3567091,0.0039200000,0.2657409056
3570491,0.0472000000,0.0677111151
3574121,0.0265000000,0.1478843986
3575131,0.0288000000,0.1127529523
3577711,0.0114000000,0.3908966827
3584151,0.0039200000,0.1653907780
3585401,0.0281000000,0.3559432675
3589301,0.0126000000,0.0613019999
3591191,0.0180000000,0.2194528515
3592101,0.0267000000,0.5924870928
3592411,0.0156000000,0.2845528455
3593571,0.0166000000,0.2258026230
3595951,0.0293000000,0.2334579550
3596341,0.0228000000,0.1479437422
3596631,0.0314000000,0.2850275948
3596781,0.0247000000,0.0751884161
3597351,0.0181000000,0.5353984927
3598991,0.0165000000,0.2501928669
3600081,0.0492000000,0.0319862323
3600181,0.0113000000,0.2427749095
3600741,0.0203000000,0.3962969557
3603741,0.0193000000,0.1288944276
3604061,0.0324000000,0.0163788499
3605271,0.0279000000,0.1535220462
3608271,0.0152000000,0.2247344371
3608491,0.0141000000,0.3320871165
3608711,0.0182000000,0.1142958875
3612021,0.0078600000,0.3186754495
3614671,0.0532000000,0.0777401935
3616541,0.0254000000,0.1800486618
3616621,0.0130000000,0.5044804463
3620281,0.0242000000,0.1690700849
3624181,0.0135000000,0.0267046466
3626361,0.0102000000,0.4170078927
3626851,0.0039200000,0.5651890096
3628961,0.0469000000,0.0796985342
3640491,0.0151000000,0.3741024272
3641801,0.0039200000,0.1928075485
3648071,0.0039200000,0.3609874785
3658721,0.0134000000,0.5128479022
3661701,0.0098800000,0.5884517239
3673811,0.0039200000,0.6480327577
3676661,0.0273000000,0.2144679841
3677561,0.0225000000,0.1856269658
3684561,0.0203000000,0.2896564002
3685421,0.0075400000,0.7579372144
3686561,0.0137000000,0.4269776274
3688001,0.0244000000,0.1482404605
3689291,0.0178000000,0.1679425553
3692421,0.0172000000,0.4959943030
3692571,0.0323000000,0.3909560263
3693391,0.0391000000,0.0845053706
3694541,0.0039200000,0.5008011394
3695431,0.0153000000,0.4592012343
3698461,0.0149000000,0.4975965818
3700831,0.0365000000,0.0586315352
3701901,0.0379000000,0.3313749926
3703321,0.0098800000,0.2858584060
3704371,0.0565000000,0.1635511246
3704601,0.0075500000,0.3211678832
3705121,0.0065300000,0.2937511127
3706121,0.0318000000,0.1471722746
3710241,0.0205000000,0.5747433387
3711191,0.0136000000,0.3434810990
3711271,0.0109000000,0.5474452555
3711561,0.0069700000,0.3098925880
3713931,0.0039200000,0.2706070856
3716451,0.0183000000,0.1759539493
3725841,0.0137000000,0.5615690463
3728881,0.0283000000,0.1947658893
3738691,0.0177000000,0.2001068186
3739391,0.0039200000,0.3400391668
3740101,0.0719138250,0.0274167705
3755661,0.0153000000,0.4873301288
3761591,0.0211000000,0.4967064269
3764051,0.0161000000,0.1569046347
3765541,0.0257000000,0.3434810990
3765681,0.0125000000,0.3881075307
3773471,0.0087500000,0.1785650703
3776061,0.0107000000,0.0697881431
3776241,0.0230000000,0.0240935256
3777491,0.0075300000,0.0201768441
3780531,0.0101000000,0.2463355290
3780801,0.0096500000,0.6298735980
3783051,0.0139000000,0.2091270548
3785251,0.0261000000,0.3224141001
3786321,0.0080700000,0.6389531779
3790691,0.0490000000,0.1240875912
3791701,0.0227000000,0.4943920242
3792091,0.0039200000,0.8706901668
3794131,0.0039200000,0.1627796570
3794431,0.0179000000,0.1420093763
3794621,0.0089100000,0.2537534864
3813811,0.0039200000,0.1170850395
3814821,0.0141000000,0.2849682511
3819621,0.0228000000,0.2152987953
3819851,0.0267000000,0.2035487508
3820871,0.0192000000,0.1487745534
3825131,0.0089700000,0.7748501573
3828481,0.0289000000,0.4662037861
3831641,0.0198000000,0.1038514035
3833671,0.0336000000,0.3383775444
3838101,0.0261000000,0.3286451843
3838521,0.0380000000,0.0980357249
3839491,0.0068200000,0.0487804878
3841051,0.0189000000,0.2207584120
3842811,0.0039200000,0.6978220877
3844691,0.0202000000,0.1266393686
3848171,0.0142000000,0.4162957688
3849511,0.0080100000,0.2625956917
3850041,0.0088400000,0.4573022373
3850171,0.0466000000,0.0845053706
3853861,0.0179000000,0.2566613257
3854161,0.0242000000,0.1935790161
3855181,0.0053100000,0.4026467272
3855501,0.0086900000,0.2887069017
3856531,0.0264000000,0.1758352620
3857171,0.0257000000,0.1160168536
3857651,0.0135000000,0.3189721678
3857661,0.0117000000,0.2580262299
3860701,0.0202000000,0.2580855736
3860751,0.0083900000,0.6312385022
3861881,0.0422000000,0.0744169486
3861981,0.0039200000,0.3058572192
3862721,0.0066000000,0.4585484541
3864681,0.0209000000,0.8454691116
3865031,0.0084900000,0.9065337369
3868231,0.0187000000,0.2174351671
3868621,0.0144000000,0.2255652484
3869541,0.0069300000,0.5399086108
3871051,0.0153000000,0.0915079224
3876531,0.0141000000,0.5224615750
3876631,0.0852220975,0.0245682749
3877481,0.0174000000,0.2028366269
3878721,0.0102000000,0.5831107946
3881771,0.0119000000,0.2460981544
3881911,0.0039200000,0.2380274168
3884431,0.0270000000,0.3968310486
3885101,0.0041600000,0.2244970625
3885561,0.0440000000,0.1459854015
3886801,0.0130000000,0.4446026942
3888711,0.0182000000,0.5047178209
3894221,0.0150000000,0.1390421933
3895231,0.0202000000,0.2605186636
3895891,0.0109000000,0.8018515222
3898391,0.0189000000,0.1381520385
3898551,0.0039200000,0.2590350721
3900061,0.0224000000,0.1187466619
3900661,0.0352000000,0.0753071034
3901921,0.0039200000,0.2639605958
3905651,0.0039200000,0.4348703341
3910551,0.0239000000,0.2158922319
3911181,0.0087400000,0.1991573200
3914961,0.0235000000,0.1799893181
3915021,0.0297000000,0.3684647795
3922101,0.0039200000,0.1823037208
3931821,0.0152000000,0.2098391787
3950631,0.0372000000,0.1308527684
3951601,0.0389000000,0.0583348169
3953221,0.0258000000,0.2268708089
3954241,0.0143000000,0.5679188179
3954371,0.0703525881,0.0662868673
3955771,0.0443000000,0.0652780250
3961131,0.0181000000,0.1915019880
3962351,0.0172000000,0.3434810990
3962531,0.0269000000,0.1163729156
3962641,0.0195000000,0.6807904575
3962671,0.0039200000,0.4148121773
3964161,0.0210000000,0.1768441042
3967691,0.0158000000,0.2942258620
3969171,0.0580000000,0.0639131209
3969281,0.0323000000,0.1015963444
3970051,0.0168000000,0.3104266809
3972361,0.0359000000,0.0975609756
3972831,0.0142000000,0.4320218385
3974131,0.0161000000,0.2088896801
3975071,0.0078300000,0.3815203845
3975361,0.0150000000,0.3713726188
3975711,0.0165000000,0.0890154887
3976361,0.0162000000,0.2873419975
3978651,0.0092300000,0.0188119399
3980201,0.0139000000,0.6407334876
3980821,0.0081800000,0.1683579610
3983131,0.0039200000,0.1015963444
3984051,0.0131000000,0.5037089787
3985771,0.0143000000,0.1474689929
3986541,0.0112000000,0.0362589757
3986761,0.0268000000,0.1615334402
3989581,0.0039200000,0.2815263189
3992271,0.0168000000,0.1058690879
3992531,0.0251000000,0.1146519494
3993401,0.0162000000,0.0890154887
3993701,0.0083000000,0.3592071687
3993861,0.0105000000,0.0656934307
3994271,0.0244000000,0.1299032698
3995001,0.0224000000,0.2316776452
3995921,0.0132000000,0.2204023500
4000061,0.0094600000,0.6256008545
4000671,0.0255000000,0.1624235950
4002171,0.0039200000,0.2906058988
4002231,0.0142000000,0.2326864874
4003031,0.0224000000,0.0923387336
4005091,0.0103000000,0.3598006053
4015141,0.0288000000,0.1561925108
4015961,0.0172000000,0.2724467391
4024731,0.0083100000,0.2924455522
4025651,0.0264000000,0.0383953475
4027091,0.0082500000,0.1561925108
4028481,0.0103000000,0.4495282179
4036551,0.0145000000,0.4799715150
4040221,0.0086600000,0.1280636164
4047931,0.0264000000,0.0903803929
4048161,0.0485000000,0.3700670583
4053431,0.0093900000,0.2228947837
4053801,0.0131000000,0.0177437541
4065921,0.0039200000,0.3630051629
4068821,0.0471000000,0.1530472969
4069241,0.0083000000,0.2298379918
4071981,0.0134000000,0.3926769925
4075961,0.0188000000,0.2833066287
4087521,0.0121000000,0.3438965047
4101811,0.0118000000,0.3960002374
4103871,0.0405000000,0.2374339802
4106501,0.0248000000,0.1357782921
4112291,0.0146000000,0.3115542104
4113261,0.0227000000,0.2472850276
4114071,0.0141000000,0.3736276779
4125691,0.0114000000,0.8060649220
4131631,0.0259000000,0.3079935909
4133061,0.0204000000,0.1763693549
4140901,0.0139000000,0.2556524835
4142421,0.0171000000,0.3348169248
4149171,0.0146000000,0.0869384606
4150311,0.0063300000,0.0895495816
4167681,0.0338000000,0.2407572251
4169741,0.0047300000,0.4453148181
4176551,0.0173000000,0.4364726129
4176731,0.0080600000,0.3015844757
4180671,0.0368000000,0.3826479141
4184621,0.0039200000,0.4860839119
4185871,0.0039200000,0.5827547327
4191261,0.0151000000,0.7320633790
4192041,0.0288000000,0.6039997626
4202651,0.0234000000,0.2743457362
4205331,0.0151000000,0.2279389947
4207221,0.0090500000,0.0732300754
4220781,0.0039200000,0.1671117441
4229041,0.0104000000,0.2287698059
4246281,0.0039200000,0.2986172927
4261961,0.0223000000,0.1827784701
4264351,0.0039200000,0.0617767492
4268871,0.0039200000,0.1538187645
4271551,0.0215000000,0.5040056970
4278261,0.0111000000,0.1039700908
4279971,0.0095300000,0.1997507566
4294181,0.0132000000,0.5459023203
4297981,0.0176000000,0.0485431132
4312211,0.0039200000,0.4994955789
4312401,0.0279000000,0.0223725595
4327991,0.0081700000,0.2117381758
4328911,0.0108000000,0.3851996914
4341121,0.0090500000,0.4925523708
4343971,0.0119000000,0.3284078096
4374931,0.0072200000,0.5618064210
4383391,0.0134000000,0.0669396475
4403021,0.0067700000,0.2723280517
4413501,0.0098800000,0.2244970625
4422361,0.0098300000,0.0945344490
4441691,0.0309000000,0.5508871877
4514261,0.0090700000,0.3381401697
4514281,0.0140000000,0.3375467331
4588861,0.0039200000,0.3027713489
4592121,0.0039200000,0.5657231025
