nodo,pagerank
57,"0.0211000000"
246,"0.0212000000"
613,"0.0144000000"
760,"0.0210000000"
761,"0.0217000000"
765,"0.0316000000"
855,"0.0305000000"
985,"0.0234000000"
988,"0.0110000000"
1081,"0.0039200000"
1108,"0.0146000000"
1186,"0.0039200000"
1192,"0.1746927521"
1298,"0.0252000000"
1541,"0.0122000000"
1737,"0.0314000000"
1952,"0.0632000000"
2084,"0.0039200000"
2353,"0.0068200000"
2554,"0.0039200000"
2606,"0.0051200000"
2691,"0.0757889627"
2874,"0.0039200000"
3231,"0.0039200000"
3300,"0.0347000000"
3615,"0.0409000000"
3713,"0.0090600000"
3839,"0.2990291182"
3840,"0.0824341583"
3936,"0.0390000000"
3968,"0.2934439808"
3987,"0.0214000000"
4152,"0.0217000000"
4358,"0.0084000000"
4444,"0.0053700000"
4602,"0.0537000000"
4629,"0.0339000000"
5001,"0.0039200000"
5212,"0.0241000000"
5430,"0.0105000000"
5593,"0.0039200000"
5628,"0.0247000000"
5765,"0.1226045206"
5791,"0.0039200000"
5827,"0.0342000000"
6417,"0.0043900000"
6463,"0.0173000000"
6478,"0.0086400000"
7074,"0.0251000000"
7085,"0.0830655935"
7089,"0.0095000000"
7219,"0.0124000000"
8291,"0.0039200000"
8412,"0.0039200000"
8610,"0.0737202053"
8708,"0.0090600000"
8709,"0.0262000000"
8882,"0.0373000000"
8906,"0.0099200000"
8997,"0.0129000000"
9000,"0.0300000000"
9080,"0.0039200000"
9613,"0.0234000000"
9952,"0.0039200000"
10142,"0.0265000000"
10178,"0.1619824436"
10202,"0.5940855465"
10208,"0.0373000000"
10221,"0.0731592089"
10223,"0.0216000000"
10228,"0.0039200000"
10229,"0.0066800000"
10230,"0.0195000000"
10237,"0.0877689848"
10241,"0.0772464165"
10265,"0.0153000000"
10274,"0.0088100000"
10297,"0.0726212968"
10305,"0.0039200000"
10312,"0.0390000000"
10317,"0.0739164068"
10318,"0.0070200000"
10336,"0.0095800000"
10346,"0.0092300000"
10350,"0.2501415595"
10355,"0.0300000000"
10364,"0.0347000000"
10419,"0.1238425000"
10450,"0.0810732635"
10565,"0.0574000000"
10609,"0.0233000000"
10677,"0.0039200000"
10698,"0.0261000000"
10706,"0.0641000000"
10781,"0.0617000000"
10792,"0.0143000000"
10860,"0.0139000000"
10862,"0.0121000000"
10877,"0.0587000000"
10923,"0.0261000000"
11011,"0.0486000000"
11014,"0.0844336200"
11041,"0.0776778158"
11214,"0.0298000000"
11333,"0.0325000000"
11385,"0.0108000000"
11414,"0.1325904483"
11489,"0.0528000000"
11525,"0.1023163083"
11600,"0.0136000000"
11628,"0.0165000000"
11677,"0.0138000000"
11753,"0.0039200000"
11764,"0.0410000000"
11848,"0.0203000000"
12026,"0.0153000000"
12041,"0.0211000000"
12098,"0.0039200000"
12111,"0.0136000000"
12158,"0.0342000000"
12161,"0.0254000000"
12249,"0.0095400000"
12371,"0.0114000000"
12426,"0.0292000000"
12496,"0.0463000000"
12522,"0.2285074535"
12528,"0.0273000000"
12601,"0.0103000000"
12615,"0.0170000000"
12643,"0.0064200000"
12644,"0.0167000000"
12661,"0.0196000000"
12695,"0.0249000000"
12708,"0.0039200000"
12716,"0.0070600000"
12741,"0.0808267828"
12801,"0.0455000000"
12802,"0.0735300683"
12815,"0.0281000000"
12853,"0.1097820687"
12861,"0.0596000000"
12864,"0.0445000000"
12865,"0.0088700000"
12877,"0.0050300000"
12891,"0.0039200000"
12913,"0.0282000000"
12947,"0.0199000000"
12951,"0.0158000000"
13040,"0.0681503632"
13098,"0.1319291036"
13167,"0.0540000000"
13170,"0.0517000000"
13171,"0.0039200000"
13185,"0.0318000000"
13203,"0.0039200000"
13228,"0.0039200000"
13322,"0.0135000000"
13327,"0.0039200000"
13348,"1,0000000000"
13352,"0.0632000000"
13373,"0.0073800000"
13390,"0.0082800000"
13403,"0.0039200000"
13405,"0.1274317042"
13407,"0.0039200000"
13412,"0.0255000000"
13413,"0.0193000000"
13431,"0.0061400000"
13470,"0.0334000000"
13485,"0.0621000000"
13503,"0.0101000000"
13504,"0.0179000000"
13527,"0.0039200000"
13545,"0.0613000000"
13559,"0.0039200000"
13565,"0.0273000000"
13569,"0.0406000000"
13581,"0.0228000000"
13607,"0.0171000000"
13653,"0.0039200000"
13696,"0.0039200000"
13729,"0.0292000000"
13740,"0.0376000000"
13893,"0.0202000000"
14263,"0.0758244284"
14893,"0.0338000000"
15023,"0.0537000000"
15033,"0.0039200000"
15403,"0.0065800000"
15483,"0.0265000000"
15633,"0.0141000000"
16133,"0.1227635973"
16263,"0.0608000000"
16383,"0.0267000000"
16813,"0.0434000000"
16853,"0.0153000000"
16943,"0.0194000000"
17313,"0.0039200000"
17353,"0.0133000000"
17593,"0.0098100000"
17673,"0.0336000000"
18473,"0.0217000000"
18713,"0.1155818308"
19223,"0.0105000000"
19813,"0.0175000000"
20053,"0.0039200000"
21203,"0.0084500000"
21573,"0.0039200000"
21843,"0.0039200000"
22083,"0.0752079097"
22253,"0.0699263454"
22263,"0.0493000000"
22823,"0.0303000000"
22873,"0.0144000000"
23823,"0.0039200000"
24053,"0.0272000000"
24263,"0.0256000000"
24303,"0.0354000000"
24393,"0.0204000000"
24883,"0.0695798381"
24923,"0.0082900000"
25243,"0.0039200000"
25583,"0.0631000000"
25663,"0.1411181181"
25793,"0.0420000000"
25923,"0.0208000000"
26163,"0.0164000000"
26253,"0.0425000000"
26743,"0.1445647091"
27953,"0.0155000000"
29283,"0.0211000000"
30733,"0.0176000000"
30953,"0.0375000000"
31673,"0.0417000000"
32893,"0.0849522758"
33423,"0.1740096815"
33493,"0.0082900000"
34153,"0.0176000000"
34883,"0.0429000000"
35013,"0.0214000000"
35373,"0.0039200000"
35383,"0.0039200000"
35603,"0.0128000000"
36183,"0.1069729796"
36823,"0.0820832095"
36863,"0.0784794035"
37133,"0.0039200000"
38003,"0.0590000000"
38033,"0.0097100000"
38133,"0.0039200000"
38883,"0.0039200000"
39303,"0.0326000000"
39393,"0.0748838268"
39483,"0.0190000000"
39523,"0.0143000000"
39553,"0.0039200000"
39653,"0.0072200000"
40153,"0.0039200000"
40403,"0.0161000000"
40563,"0.0182000000"
41573,"0.0208000000"
41693,"0.1720779039"
42683,"0.0735106882"
42693,"0.0179000000"
43243,"0.0065600000"
43833,"0.0039200000"
44453,"0.0329000000"
45013,"0.0387000000"
45443,"0.0163000000"
45523,"0.0402000000"
46463,"0.0126000000"
47023,"0.0355000000"
47083,"0.0543000000"
47293,"0.0039200000"
47333,"0.0789047357"
47973,"0.1007087615"
48193,"0.0039200000"
48443,"0.1519976146"
48903,"0.0961715955"
49333,"0.0188000000"
50043,"0.1109217514"
50933,"0.0639000000"
51013,"0.0096700000"
53103,"0.0233000000"
53213,"0.0995288024"
53453,"0.0039200000"
53953,"0.1074886856"
54553,"0.0565000000"
54733,"0.0475000000"
54793,"0.0165000000"
55273,"0.0039200000"
55523,"0.0225000000"
55573,"0.0294000000"
55733,"0.0162000000"
55753,"0.0106000000"
55823,"0.0174000000"
56653,"0.2447612500"
56733,"0.0130000000"
56833,"0.1326983116"
56903,"0.0605000000"
57323,"0.0316000000"
57353,"0.0160000000"
57383,"0.0039200000"
57443,"0.0134000000"
57773,"0.0142000000"
57863,"0.0064000000"
58863,"0.0039200000"
59033,"0.0075300000"
59313,"0.0345000000"
59643,"0.0552000000"
60063,"0.0095100000"
60313,"0.0403000000"
60463,"0.0115000000"
61233,"0.0910399012"
61633,"0.0178000000"
62763,"0.1006670678"
62983,"0.0780535253"
64543,"0.0351000000"
65073,"0.0114000000"
65473,"0.0039200000"
65573,"0.0330000000"
66133,"0.0039200000"
66583,"0.0400000000"
66653,"0.0820784121"
67753,"0.0039200000"
67923,"0.0393000000"
68453,"0.0377000000"
68783,"0.0133000000"
69743,"0.0434000000"
70373,"0.0261000000"
70723,"0.0153000000"
71353,"0.0337000000"
72373,"0.1100924222"
72883,"0.0697512848"
73703,"0.0205000000"
73823,"0.0076400000"
73843,"0.1554653449"
74673,"0.0039200000"
74683,"0.0156000000"
75093,"0.0039200000"
75533,"0.0270000000"
76043,"0.0736233406"
76123,"0.0289000000"
76643,"0.0463000000"
77063,"0.0327000000"
78163,"0.0039200000"
78393,"0.0039200000"
78733,"0.0188000000"
78743,"0.0156000000"
79903,"0.0321000000"
80313,"0.0133000000"
81193,"0.0180000000"
81213,"0.0246000000"
81513,"0.0184000000"
82433,"0.0559000000"
86843,"0.0099600000"
89903,"0.0069600000"
104203,"0.0323000000"
109293,"0.0115000000"
111483,"0.0435000000"
118013,"0.0236000000"
120253,"0.0203000000"
125033,"0.0441000000"
125503,"0.0081100000"
139113,"0.0039200000"
160763,"0.0557000000"
161043,"0.0079400000"
165293,"0.0039200000"
182563,"0.0333000000"
186193,"0.0071900000"
194323,"0.0189000000"
211523,"0.0039200000"
249153,"0.0089500000"
277813,"0.0151000000"
279603,"0.0039200000"
284933,"0.0164000000"
302823,"0.0550000000"
307503,"0.0098500000"
330093,"0.0722535850"
332083,"0.0066800000"
332163,"0.0328000000"
334503,"0.0139000000"
336113,"0.0530000000"
336343,"0.0219000000"
348003,"0.0131000000"
350373,"0.0039200000"
368623,"0.0066700000"
369893,"0.0796007231"
379983,"0.0259000000"
383323,"0.0210000000"
385463,"0.0307000000"
393543,"0.0103000000"
394313,"0.0996724796"
404133,"0.1537609954"
406073,"0.0084400000"
408813,"0.0210000000"
421523,"0.0157000000"
435423,"0.0261000000"
447813,"0.0150000000"
469153,"0.0232000000"
471323,"0.0079900000"
471963,"0.0468000000"
495393,"0.0039200000"
496723,"0.0185000000"
511533,"0.0064200000"
517143,"0.0372000000"
545463,"0.0174000000"
546313,"0.0134000000"
557503,"0.0099500000"
560293,"0.0297000000"
586803,"0.0164000000"
591873,"0.0299000000"
592313,"0.0039200000"
593023,"0.0071400000"
595433,"0.0039200000"
598953,"0.0322000000"
603883,"0.0211000000"
607063,"0.0151000000"
607643,"0.0081900000"
607843,"0.0704118633"
608473,"0.1172954609"
608803,"0.0258000000"
610273,"0.0066400000"
610533,"0.0605000000"
610793,"0.0335000000"
611243,"0.0039200000"
611283,"0.0261000000"
611613,"0.0039200000"
611953,"0.0684637640"
614103,"0.0266000000"
614623,"0.0151000000"
614683,"0.0167000000"
614853,"0.0367000000"
615343,"0.0141000000"
615403,"0.0952870228"
615413,"0.0375000000"
616723,"0.0039200000"
617053,"0.0381000000"
618763,"0.0379000000"
619433,"0.0091200000"
620553,"0.0378000000"
620763,"0.0043300000"
620813,"0.0142000000"
620863,"0.0351000000"
621003,"0.0173000000"
621393,"0.0209000000"
621713,"0.0372000000"
622053,"0.0172000000"
623133,"0.0340000000"
623483,"0.0151000000"
623623,"0.1124105630"
623973,"0.0039200000"
624023,"0.0086000000"
624683,"0.0536000000"
625093,"0.0067300000"
625513,"0.0039200000"
625833,"0.0039200000"
626183,"0.0599000000"
626593,"0.0151000000"
627213,"0.0187000000"
627303,"0.0217000000"
627813,"0.0149000000"
629843,"0.0213000000"
630113,"0.0276000000"
630793,"0.0039200000"
631823,"0.0141000000"
632053,"0.0140000000"
632173,"0.0189000000"
632433,"0.1699096822"
632443,"0.0850335305"
633293,"0.0064900000"
634433,"0.0039200000"
635633,"0.0651418837"
636593,"0.0039200000"
636843,"0.0465000000"
637533,"0.0386000000"
637773,"0.0117000000"
638323,"0.0334000000"
638403,"0.0165000000"
639433,"0.0159000000"
639973,"0.0039200000"
640983,"0.0039200000"
641483,"0.0050700000"
641953,"0.0072900000"
643323,"0.0085400000"
646663,"0.0168000000"
649283,"0.0319000000"
649713,"0.0854268308"
652193,"0.0074700000"
652293,"0.0873054092"
653433,"0.0153000000"
655313,"0.0039200000"
656423,"0.0189000000"
656433,"0.0066800000"
656543,"0.0039200000"
656713,"0.0163000000"
657083,"0.0088300000"
657293,"0.0039200000"
657693,"0.0039200000"
658033,"0.0218000000"
658293,"0.0065500000"
659393,"0.0134000000"
659803,"0.0244000000"
660823,"0.0195000000"
661573,"0.0159000000"
662763,"0.0402000000"
663463,"0.1483989406"
665023,"0.0039200000"
666043,"0.1087087620"
666523,"0.0466000000"
667003,"0.0378000000"
667873,"0.0535000000"
668243,"0.0241000000"
668423,"0.0151000000"
669303,"0.0358000000"
671083,"0.0039200000"
671483,"0.0409000000"
671503,"0.0085100000"
671763,"0.0199000000"
672473,"0.0093300000"
672493,"0.0219000000"
673743,"0.0209000000"
674383,"0.0449000000"
674593,"0.0383000000"
675563,"0.0627000000"
676493,"0.0039200000"
676923,"0.0353000000"
677523,"0.0120000000"
678233,"0.0039200000"
678323,"0.0215000000"
678893,"0.0113000000"
679173,"0.0092500000"
679303,"0.1159836350"
680653,"0.0265000000"
680953,"0.0039200000"
681333,"0.0039200000"
681473,"0.0268000000"
682023,"0.0039200000"
682823,"0.0077200000"
682993,"0.0065300000"
684323,"0.0109000000"
685063,"0.0128000000"
685183,"0.0069900000"
685593,"0.0111000000"
686483,"0.0264000000"
686993,"0.0347000000"
688553,"0.0079500000"
688933,"0.0098400000"
688983,"0.0178000000"
690503,"0.0039200000"
691353,"0.0550000000"
693883,"0.0235000000"
694283,"0.0476000000"
695603,"0.0039200000"
697293,"0.0039200000"
697613,"0.0505000000"
698813,"0.0426000000"
701603,"0.0050400000"
701923,"0.0039200000"
704563,"0.0039200000"
704863,"0.0306000000"
705953,"0.0219000000"
706273,"0.0099700000"
708653,"0.0261000000"
709853,"0.0039200000"
710133,"0.0039200000"
710563,"0.0129000000"
710613,"0.0643744799"
710913,"0.0039200000"
711303,"0.5563597879"
711653,"0.0056000000"
711803,"0.0482000000"
711963,"0.0099600000"
712173,"0.0282000000"
713223,"0.0276000000"
713263,"0.0388000000"
713333,"0.1036454184"
714563,"0.0157000000"
714913,"0.0039200000"
715113,"0.0121000000"
715133,"0.0227000000"
716893,"0.0039200000"
717003,"0.1282468893"
717043,"0.0039200000"
717893,"0.0389000000"
720323,"0.0105000000"
720503,"0.0039200000"
721613,"0.0137000000"
722133,"0.0137000000"
722553,"0.0076800000"
722673,"0.0131000000"
722933,"0.0054200000"
722973,"0.0039200000"
724273,"0.0298000000"
724643,"0.0289000000"
724783,"0.0272000000"
725093,"0.0413000000"
725353,"0.0039200000"
725473,"0.0264000000"
725553,"0.0193000000"
726983,"0.0150000000"
727513,"0.0195000000"
727943,"0.1169021589"
730423,"0.0151000000"
730543,"0.0227000000"
731163,"0.0505000000"
731253,"0.0926840940"
731513,"0.0366000000"
731923,"0.0699167227"
732723,"0.0114000000"
732763,"0.0079900000"
732943,"0.0039200000"
733383,"0.0405000000"
733803,"0.0547000000"
733893,"0.0543000000"
734153,"0.0191000000"
734203,"0.0192000000"
735123,"0.0039200000"
735513,"0.0090500000"
736483,"0.0210000000"
739853,"0.0039200000"
740203,"0.0221000000"
740983,"0.0613000000"
741553,"0.0709980857"
742343,"0.0039200000"
742713,"0.0238000000"
742883,"0.0107000000"
744903,"0.0250000000"
745553,"0.0039200000"
745903,"0.0161000000"
746323,"0.2064226871"
747493,"0.0075500000"
748933,"0.0207000000"
749333,"0.2040598016"
749453,"0.0491000000"
749483,"0.0039200000"
749493,"0.0142000000"
749863,"0.1045748733"
750823,"0.0167000000"
751633,"0.0199000000"
752603,"0.0303000000"
752703,"0.0279000000"
752743,"0.0069600000"
753743,"0.0283000000"
754003,"0.0535000000"
754497,"0.0084500000"
754556,"0.0039200000"
754571,"0.0109000000"
754581,"0.0140000000"
754656,"0.0075300000"
754682,"0.0039200000"
754685,"0.0128000000"
754727,"0.0256000000"
754741,"0.0118000000"
754807,"0.0162000000"
754820,"0.0227000000"
754823,"0.0074600000"
754839,"0.0157000000"
754870,"0.0335000000"
754873,"0.0039200000"
754969,"0.0159000000"
754973,"0.0157000000"
755001,"0.0039200000"
755083,"0.0039200000"
755086,"0.0245000000"
755172,"0.0039200000"
755241,"0.0659083925"
755258,"0.0085800000"
755311,"0.0039200000"
755340,"0.0039200000"
755370,"0.0073200000"
755389,"0.0851789977"
755574,"0.0176000000"
755756,"0.0360000000"
755768,"0.0218000000"
756047,"0.0039200000"
756139,"0.0039200000"
756236,"0.0135000000"
756357,"0.0039200000"
756391,"0.0089300000"
756400,"0.0039200000"
756431,"0.0457000000"
756532,"0.0039200000"
756742,"0.0316000000"
756745,"0.0080200000"
756872,"0.0532000000"
756927,"0.0336000000"
756975,"0.0558000000"
757149,"0.0198000000"
757725,"0.0107000000"
757838,"0.0407000000"
757903,"0.0155000000"
758061,"0.0204000000"
758073,"0.0137000000"
758114,"0.0275000000"
758144,"0.0891522839"
758185,"0.0213000000"
758799,"0.0113000000"
758970,"0.0757284277"
759036,"0.0732288041"
759137,"0.0039200000"
759186,"0.0623000000"
759720,"0.0039200000"
759791,"0.0312000000"
759926,"0.0137000000"
760579,"0.0093300000"
760635,"0.0054400000"
760983,"0.0121000000"
761058,"0.0070800000"
761153,"0.0039200000"
761362,"0.0140000000"
761428,"0.0872719391"
761483,"0.0108000000"
761492,"0.0039200000"
761627,"0.0240000000"
761906,"0.0674667632"
761969,"0.1172604366"
762041,"0.0074200000"
762115,"0.0644948590"
763060,"0.0159000000"
763170,"0.0427000000"
763237,"0.0095100000"
763403,"0.0455000000"
763489,"0.0248000000"
763564,"0.0039200000"
763803,"0.0508000000"
764035,"0.0091800000"
764853,"0.0113000000"
764980,"0.0168000000"
765080,"0.0129000000"
765307,"0.0584000000"
765456,"0.0039200000"
765609,"0.0175000000"
765686,"0.0078500000"
765942,"0.0057200000"
766009,"0.0512000000"
766081,"0.0039200000"
766291,"0.0070200000"
766328,"0.0213000000"
767022,"0.0039200000"
767610,"0.0235000000"
767749,"0.0039200000"
768288,"0.0486000000"
768383,"0.0246000000"
768551,"0.0450000000"
768579,"0.0440000000"
768617,"0.0353000000"
768761,"0.0039200000"
768783,"0.0558000000"
768828,"0.0071100000"
768841,"0.0254000000"
768856,"0.0288000000"
768874,"0.0039200000"
769000,"0.0334000000"
769123,"0.0756541813"
769147,"0.0345000000"
769167,"0.0210000000"
769696,"0.0278000000"
769746,"0.0188000000"
769937,"0.0448000000"
770312,"0.0110000000"
770441,"0.0350000000"
770606,"0.0039200000"
771278,"0.0629000000"
771335,"0.0118000000"
771677,"0.0261000000"
772049,"0.0089600000"
772054,"0.0039200000"
772471,"0.0432000000"
772516,"0.0640000000"
772523,"0.0039200000"
772626,"0.0223000000"
772669,"0.0220000000"
772742,"0.0039200000"
772787,"0.0240000000"
772928,"0.0631000000"
773150,"0.0082600000"
773287,"0.0150000000"
773310,"0.0039200000"
773545,"0.0145000000"
773796,"0.0225000000"
773841,"0.0187000000"
774037,"0.0431000000"
774058,"0.0078700000"
774169,"0.0160000000"
774269,"0.0132000000"
774280,"0.0150000000"
774292,"0.0078300000"
774311,"0.0429000000"
774374,"0.0039200000"
774502,"0.0295000000"
774675,"0.0583000000"
774941,"0.0079500000"
774980,"0.0581000000"
775187,"0.0507000000"
776013,"0.0184000000"
776031,"0.0448000000"
776038,"0.0179000000"
776052,"0.0127000000"
776250,"0.0039200000"
776260,"0.0422000000"
776440,"0.0804531194"
776449,"0.0039200000"
776747,"0.0432000000"
776984,"0.0094600000"
777121,"0.0445000000"
777466,"0.0039200000"
777560,"0.0264000000"
777669,"0.0039200000"
777859,"0.0247000000"
778057,"0.0591000000"
778162,"0.0144000000"
778332,"0.0150000000"
778376,"0.0039200000"
778446,"0.1937470902"
778604,"0.0293000000"
778769,"0.0039200000"
778787,"0.0284000000"
778974,"0.0248000000"
779135,"0.0039200000"
779150,"0.0226000000"
779154,"0.0526000000"
779283,"0.0081500000"
779451,"0.0087500000"
779476,"0.0081100000"
779578,"0.0893592793"
779583,"0.0508000000"
779715,"0.0222000000"
779900,"0.0296000000"
780006,"0.0394000000"
780050,"0.0244000000"
780198,"0.0438000000"
780240,"0.0254000000"
780290,"0.0245000000"
780308,"0.0289000000"
780419,"0.0186000000"
780613,"0.0072700000"
780641,"0.0454000000"
781168,"0.0691578371"
781280,"0.1200440469"
781310,"0.0345000000"
781314,"0.0266000000"
781441,"0.0069900000"
781530,"0.0040600000"
781575,"0.0123000000"
781730,"0.0299000000"
782053,"0.0152000000"
782263,"0.0217000000"
782310,"0.0552000000"
782329,"0.0234000000"
782352,"0.0039200000"
782482,"0.0871958053"
782721,"0.0105000000"
783328,"0.0039200000"
783393,"0.0145000000"
783573,"0.0063900000"
783705,"0.0039200000"
783771,"0.0159000000"
783775,"0.0039200000"
783870,"0.0257000000"
783930,"0.0399000000"
783937,"0.0150000000"
784132,"0.0509000000"
784165,"0.0220000000"
784351,"0.0095500000"
784457,"0.0039200000"
784907,"0.0149000000"
784912,"0.0203000000"
784952,"0.0252000000"
784981,"0.0069000000"
784998,"0.0285000000"
785016,"0.0078800000"
785164,"0.0039200000"
785230,"0.0039200000"
785264,"0.1009540724"
785270,"0.0039200000"
785477,"0.0331000000"
785485,"0.0238000000"
785510,"0.0039200000"
785637,"0.0362000000"
785675,"0.0039200000"
785730,"0.0039200000"
785997,"0.0323000000"
786040,"0.0088800000"
786152,"0.0256000000"
786342,"0.0329000000"
786382,"0.0273000000"
786491,"0.0484000000"
786750,"0.0105000000"
786795,"0.0162000000"
786836,"0.0391000000"
786916,"0.0070500000"
786937,"0.0275000000"
787166,"0.0334000000"
787438,"0.0039200000"
787596,"0.0183000000"
787910,"0.0378000000"
788034,"0.0039200000"
788247,"0.0138000000"
788299,"0.0184000000"
788350,"0.0108000000"
788570,"0.0106000000"
788642,"0.0098000000"
788670,"0.0039200000"
788863,"0.0296000000"
789068,"0.0039200000"
789072,"0.0091700000"
789109,"0.0221000000"
789158,"0.0394000000"
789286,"0.0039200000"
789580,"0.0970292156"
790000,"0.0183000000"
790079,"0.0171000000"
790800,"0.1040472508"
791003,"0.0039200000"
791045,"0.0702012856"
791125,"0.0039200000"
791250,"0.0039200000"
791288,"0.0187000000"
791300,"0.0067100000"
791838,"0.0332000000"
791951,"0.0039200000"
792121,"0.0110000000"
792177,"0.0179000000"
792230,"0.0039200000"
792333,"0.0883293247"
792443,"0.0200000000"
792563,"0.0065800000"
792596,"0.0130000000"
792646,"0.1041603176"
792764,"0.0039200000"
792909,"0.0162000000"
793024,"0.0214000000"
793112,"0.0213000000"
793238,"0.0792380409"
793342,"0.0235000000"
793695,"0.0096000000"
793721,"0.0118000000"
793772,"0.0365000000"
793909,"0.0316000000"
794136,"0.0039200000"
794227,"0.0039200000"
794309,"0.0125000000"
794633,"0.0873064286"
794784,"0.0039200000"
794801,"0.0401000000"
794885,"0.0343000000"
795100,"0.0355000000"
795360,"0.0514000000"
795448,"0.0091400000"
796135,"0.1742154409"
796772,"0.0326000000"
797203,"0.0448000000"
797285,"0.0369000000"
797835,"0.0198000000"
797840,"0.0205000000"
797943,"0.0065600000"
798007,"0.0288000000"
798102,"0.0148000000"
798171,"0.0110000000"
798201,"0.0088400000"
798295,"0.0200000000"
798391,"0.0266000000"
798478,"0.0156000000"
798577,"0.0485000000"
798645,"0.0121000000"
798851,"0.0168000000"
798952,"0.0039200000"
799088,"0.0674774214"
799198,"0.0224000000"
799246,"0.0164000000"
799247,"0.0055000000"
799254,"0.0039200000"
799286,"0.0158000000"
799297,"0.0087600000"
799390,"0.0169000000"
799499,"0.0332000000"
799532,"0.0039200000"
799645,"0.0661041769"
799963,"0.0039200000"
799965,"0.0244000000"
800031,"0.0184000000"
800069,"0.0169000000"
800076,"0.0659317123"
800364,"0.0039200000"
800407,"0.0170000000"
800548,"0.0278000000"
800991,"0.0582000000"
801123,"0.0493000000"
801173,"0.0144000000"
801446,"0.0143000000"
801486,"0.0039200000"
801587,"0.0039200000"
801660,"0.0183000000"
801917,"0.0065600000"
802093,"0.0262000000"
802212,"0.0066800000"
802225,"0.0703303834"
802833,"0.0039200000"
803201,"0.0265000000"
803324,"0.0039200000"
803890,"0.0157000000"
803938,"0.0054400000"
803975,"0.0978265051"
803979,"0.0094400000"
804070,"0.0140000000"
804138,"0.0039200000"
804358,"0.0264000000"
804382,"0.0039200000"
804416,"0.0039200000"
804457,"0.0039200000"
804683,"0.0566000000"
804763,"0.0039200000"
804808,"0.0141000000"
805066,"0.0039200000"
805124,"0.0147000000"
805280,"0.0065600000"
805450,"0.0134000000"
805758,"0.0177000000"
805991,"0.0112000000"
806043,"0.0096400000"
806057,"0.0123000000"
806539,"0.0039200000"
806753,"0.0538000000"
807091,"0.0119000000"
807161,"0.0122000000"
807649,"0.0501000000"
807720,"0.0039200000"
807776,"0.0172000000"
807891,"0.0444000000"
807913,"0.0467000000"
807933,"0.0281000000"
808096,"0.0282000000"
808213,"0.0039200000"
808520,"0.0407000000"
808739,"0.0071800000"
808847,"0.0039200000"
809093,"0.0230000000"
809131,"0.0177000000"
809138,"0.0191000000"
809184,"0.0242000000"
809288,"0.0245000000"
809445,"0.0415000000"
809760,"0.0560000000"
809866,"0.0343000000"
810134,"0.0100000000"
810204,"0.0039200000"
810224,"0.0039200000"
810560,"0.0128000000"
810579,"0.0039200000"
810647,"0.0039200000"
810948,"0.0065800000"
811051,"0.0674720378"
811099,"0.0144000000"
811255,"0.0170000000"
811453,"0.0132000000"
812126,"0.0141000000"
812493,"0.0125000000"
812842,"0.0039200000"
813365,"0.0039200000"
813491,"0.0410000000"
813524,"0.0083000000"
813670,"0.0039200000"
813798,"0.0091800000"
814056,"0.0087600000"
814153,"0.0039200000"
814253,"0.1420699277"
814256,"0.1484425279"
814293,"0.0523000000"
814304,"0.0840061963"
814310,"0.0067600000"
814422,"0.0095400000"
814859,"0.0259000000"
814881,"0.0200000000"
814927,"0.0196000000"
815088,"0.0092600000"
815295,"0.0260000000"
815314,"0.0078700000"
815411,"0.0553000000"
815554,"0.0039200000"
815577,"0.0039200000"
815586,"0.0154000000"
815587,"0.0276000000"
815666,"0.0039200000"
815875,"0.0082500000"
816089,"0.0105000000"
816145,"0.0094600000"
816234,"0.0063300000"
816242,"0.0073900000"
816640,"0.0039200000"
816653,"0.0866281831"
816838,"0.0039200000"
816850,"0.0039200000"
816952,"0.0341000000"
817083,"0.0108000000"
817112,"0.0039200000"
817183,"0.0382000000"
817204,"0.0055900000"
817246,"0.0242000000"
817742,"0.0163000000"
817900,"0.0418000000"
817907,"0.0150000000"
818146,"0.0090400000"
818155,"0.0039200000"
818277,"0.0131000000"
818340,"0.0826807242"
818440,"0.0086700000"
818666,"0.0149000000"
818690,"0.0039200000"
818790,"0.0039200000"
818797,"0.0145000000"
818814,"0.0261000000"
818851,"0.0138000000"
818878,"0.0090000000"
819068,"0.0039200000"
819268,"0.0087000000"
819302,"0.0039200000"
819425,"0.0039200000"
819522,"0.0288000000"
819613,"0.0039200000"
819647,"0.0116000000"
819672,"0.0039200000"
819999,"0.0637000000"
820025,"0.0082000000"
820251,"0.0147000000"
820272,"0.0210000000"
820585,"0.0839043863"
820661,"0.0188000000"
821083,"0.0039200000"
821609,"0.0264000000"
821637,"0.0039200000"
821669,"0.0039200000"
821949,"0.0039200000"
821996,"0.0039200000"
822112,"0.0039200000"
822482,"0.0174000000"
822506,"0.0274000000"
822715,"0.0172000000"
823054,"0.0153000000"
823083,"0.0840148633"
823106,"0.0187000000"
823115,"0.0366000000"
823261,"0.0295000000"
823288,"0.0169000000"
823350,"0.0039200000"
823506,"0.0091600000"
823784,"0.0120000000"
823999,"0.0125000000"
824087,"0.0039200000"
824130,"0.0204000000"
824155,"0.0233000000"
826951,"0.0039200000"
831481,"0.0457000000"
832331,"0.0039200000"
834711,"0.0039200000"
836241,"0.0067100000"
837791,"0.0076400000"
839201,"0.0223000000"
839321,"0.0827373357"
840561,"0.0215000000"
843631,"0.0459000000"
847721,"0.0090700000"
849101,"0.0220000000"
849591,"0.0391000000"
851991,"0.0222000000"
853061,"0.0039200000"
854671,"0.0153000000"
855061,"0.0311000000"
856401,"0.0295000000"
858051,"0.0315000000"
859671,"0.0039200000"
863101,"0.0176000000"
863161,"0.0039200000"
863971,"0.0073900000"
864531,"0.0061500000"
866481,"0.0347000000"
866661,"0.0128000000"
867641,"0.0239000000"
870511,"0.0126000000"
870541,"0.0333000000"
873731,"0.0124000000"
875841,"0.0180000000"
875931,"0.0300000000"
876571,"0.0138000000"
877781,"0.0238000000"
880621,"0.0091400000"
883971,"0.0041500000"
884301,"0.0039200000"
885361,"0.0039200000"
886071,"0.0166000000"
886841,"0.0391000000"
887151,"0.0394000000"
888981,"0.0078700000"
890101,"0.0601000000"
893431,"0.0039200000"
894471,"0.0509000000"
894591,"0.0499000000"
896061,"0.0140000000"
899671,"0.0299000000"
900421,"0.0401000000"
901651,"0.0404000000"
913681,"0.0237000000"
915051,"0.0074400000"
917171,"0.0039200000"
918711,"0.0115000000"
919541,"0.0039200000"
920041,"0.0062200000"
922011,"0.0250000000"
922961,"0.0090500000"
926981,"0.0932722737"
928301,"0.0107000000"
928691,"0.0702632962"
932781,"0.0123000000"
934071,"0.0316000000"
935231,"0.0234000000"
935801,"0.0039200000"
935991,"0.0039200000"
941401,"0.0039200000"
942071,"0.0134000000"
942561,"0.0039200000"
944511,"0.0328000000"
945951,"0.0142000000"
946021,"0.0212000000"
948461,"0.0192000000"
949401,"0.0163000000"
953321,"0.0113000000"
954721,"0.0178000000"
957271,"0.0492000000"
958091,"0.0039200000"
959201,"0.0311000000"
961201,"0.0459000000"
962201,"0.0366000000"
962211,"0.0443000000"
963111,"0.0242000000"
964091,"0.0039200000"
964981,"0.0039200000"
973421,"0.0089500000"
973681,"0.0039200000"
975441,"0.0161000000"
975691,"0.0359000000"
976521,"0.0203000000"
978151,"0.0335000000"
980361,"0.0221000000"
988341,"0.0039200000"
988491,"0.0104000000"
989231,"0.0219000000"
989321,"0.0296000000"
989481,"0.0039200000"
990081,"0.0155000000"
990831,"0.0428000000"
991221,"0.0932356872"
992941,"0.0039200000"
1002981,"0.0175000000"
1003091,"0.0121000000"
1003381,"0.0039200000"
1003651,"0.0171000000"
1006741,"0.0244000000"
1009241,"0.0118000000"
1010381,"0.0081300000"
1012381,"0.0252000000"
1013671,"0.0517000000"
1014521,"0.0210000000"
1014771,"0.0070100000"
1015571,"0.0243000000"
1016891,"0.0255000000"
1017161,"0.0039200000"
1019091,"0.0122000000"
1019941,"0.0356000000"
1019951,"0.0039200000"
1021121,"0.0160000000"
1021431,"0.0133000000"
1028071,"0.0162000000"
1028841,"0.0415000000"
1029061,"0.0132000000"
1035141,"0.0201000000"
1035491,"0.0622000000"
1035601,"0.0160000000"
1040391,"0.0117000000"
1040881,"0.0070800000"
1044691,"0.0368000000"
1048691,"0.0080000000"
1050851,"0.0039200000"
1055701,"0.0920531979"
1056611,"0.0086300000"
1058241,"0.0039200000"
1059391,"0.0039200000"
1060851,"0.0148000000"
1061241,"0.0217000000"
1062161,"0.0379000000"
1062201,"0.0045100000"
1063321,"0.0492000000"
1071001,"0.0209000000"
1072341,"0.0795581514"
1073271,"0.0230000000"
1074661,"0.0134000000"
1075871,"0.0039200000"
1081711,"0.0039200000"
1082331,"0.0489000000"
1082741,"0.0039200000"
1085411,"0.0055800000"
1086101,"0.0111000000"
1086231,"0.0124000000"
1088251,"0.0135000000"
1091241,"0.0441000000"
1097451,"0.0169000000"
1100251,"0.0370000000"
1106871,"0.0039200000"
1108221,"0.0080500000"
1111341,"0.0041800000"
1111971,"0.0039200000"
1113931,"0.0039200000"
1119881,"0.0039200000"
1120611,"0.0318000000"
1123751,"0.0118000000"
1126051,"0.0505000000"
1127221,"0.0039200000"
1128181,"0.0167000000"
1131321,"0.0595000000"
1131911,"0.0275000000"
1131991,"0.0187000000"
1134851,"0.0135000000"
1136351,"0.0201000000"
1139031,"0.0219000000"
1142041,"0.0039200000"
1142941,"0.0131000000"
1145711,"0.0320000000"
1145991,"0.0126000000"
1146711,"0.0174000000"
1148791,"0.0066400000"
1155011,"0.0227000000"
1155731,"0.0561000000"
1155841,"0.0108000000"
1156271,"0.0055800000"
1160431,"0.0174000000"
1163001,"0.0039200000"
1164771,"0.0039200000"
1164941,"0.0039200000"
1166161,"0.0225000000"
1168641,"0.0122000000"
1172801,"0.0252000000"
1174791,"0.0039200000"
1175831,"0.0053600000"
1175981,"0.0041600000"
1177771,"0.0056700000"
1181991,"0.0053900000"
1182381,"0.0180000000"
1182481,"0.0103000000"
1182941,"0.0265000000"
1183711,"0.0039200000"
1187441,"0.0176000000"
1190001,"0.0277000000"
1196881,"0.0095600000"
1197291,"0.0126000000"
1198761,"0.0039200000"
1198931,"0.0152000000"
1200241,"0.0324000000"
1207381,"0.0039200000"
1208861,"0.0272000000"
1221291,"0.0039200000"
1222721,"0.0173000000"
1229291,"0.0290000000"
1231941,"0.0039200000"
1232991,"0.0595000000"
1237211,"0.0195000000"
1238041,"0.0230000000"
1239301,"0.0039200000"
1239611,"0.0039200000"
1239741,"0.0283000000"
1240221,"0.0158000000"
1241201,"0.0107000000"
1241691,"0.0167000000"
1249431,"0.0319000000"
1250721,"0.0152000000"
1252681,"0.0039200000"
1253451,"0.0426000000"
1258081,"0.0039200000"
1260061,"0.0179000000"
1263311,"0.0083800000"
1265581,"0.0041600000"
1274141,"0.0527000000"
1274561,"0.0039200000"
1274591,"0.0171000000"
1278681,"0.0127000000"
1283191,"0.0044700000"
1285001,"0.0115000000"
1289501,"0.0423000000"
1293681,"0.0078700000"
1294531,"0.0039200000"
1295261,"0.0090700000"
1298301,"0.0205000000"
1310341,"0.0102000000"
1322241,"0.0078100000"
1322801,"0.0039200000"
1330201,"0.0039200000"
1340351,"0.0206000000"
1345601,"0.0138000000"
1349481,"0.0235000000"
1355401,"0.0182000000"
1359121,"0.0332000000"
1360641,"0.0119000000"
1361061,"0.0074600000"
1361551,"0.0193000000"
1366401,"0.0255000000"
1366741,"0.0288000000"
1376341,"0.0039200000"
1379551,"0.0039200000"
1383431,"0.0113000000"
1389901,"0.0140000000"
1391041,"0.0060000000"
1392351,"0.0201000000"
1392841,"0.0174000000"
1397311,"0.0153000000"
1398661,"0.0089300000"
1404471,"0.0181000000"
1405771,"0.0263000000"
1406321,"0.0101000000"
1408451,"0.0039200000"
1410371,"0.0424000000"
1412281,"0.0134000000"
1413131,"0.0390000000"
1416491,"0.0039200000"
1424471,"0.0177000000"
1426141,"0.0064600000"
1427181,"0.0114000000"
1429511,"0.0039200000"
1432581,"0.0039200000"
1433701,"0.0163000000"
1436861,"0.0363000000"
1438261,"0.0205000000"
1439931,"0.0608000000"
1455981,"0.0442000000"
1458531,"0.0039200000"
1458581,"0.0268000000"
1468471,"0.0544000000"
1471341,"0.0065500000"
1472771,"0.0039200000"
1474021,"0.0394000000"
1477191,"0.0271000000"
1484201,"0.0039200000"
1484721,"0.0428000000"
1486611,"0.0963184244"
1492761,"0.0172000000"
1494391,"0.0107000000"
1496591,"0.0125000000"
1520471,"0.0077200000"
1525031,"0.0076300000"
1530371,"0.1246734244"
1536651,"0.0039200000"
1538521,"0.0076300000"
1541211,"0.0039200000"
1543511,"0.0155000000"
1551771,"0.0088700000"
1557761,"0.0433000000"
1557891,"0.0039200000"
1562731,"0.0220000000"
1563641,"0.0137000000"
1571151,"0.0039200000"
1582961,"0.0134000000"
1585761,"0.0174000000"
1587911,"0.0187000000"
1596091,"0.0072900000"
1596101,"0.0145000000"
1596531,"0.0159000000"
1600751,"0.0039200000"
1602011,"0.0170000000"
1605791,"0.0542000000"
1605831,"0.0134000000"
1608751,"0.0247000000"
1610091,"0.0149000000"
1610571,"0.0434000000"
1611381,"0.0285000000"
1614411,"0.0936736801"
1622701,"0.0595000000"
1624671,"0.0039200000"
1630031,"0.0039200000"
1633081,"0.0076500000"
1638691,"0.0230000000"
1651101,"0.0159000000"
1652061,"0.0097000000"
1652821,"0.0089800000"
1653051,"0.0245000000"
1666871,"0.0190000000"
1669681,"0.0039200000"
1675731,"0.0039200000"
1678411,"0.0278000000"
1680541,"0.0039200000"
1682211,"0.0156000000"
1685091,"0.0187000000"
1687011,"0.0133000000"
1699751,"0.0169000000"
1705281,"0.0460000000"
1706681,"0.0045800000"
1709901,"0.0060300000"
1712571,"0.0144000000"
1714051,"0.0201000000"
1715091,"0.0308000000"
1716121,"0.0039200000"
1718601,"0.0071800000"
1718961,"0.0102000000"
1720331,"0.0039200000"
1729241,"0.0039200000"
1730551,"0.0039200000"
1731681,"0.0039200000"
1733351,"0.0145000000"
1733621,"0.0039200000"
1735561,"0.0299000000"
1747681,"0.0213000000"
1753021,"0.0119000000"
1755761,"0.0413000000"
1760711,"0.0472000000"
1764801,"0.0039200000"
1765001,"0.0328000000"
1768041,"0.0214000000"
1769391,"0.0357000000"
1771321,"0.0520000000"
1772451,"0.0039200000"
1775861,"0.0080400000"
1777681,"0.0076600000"
1786141,"0.0105000000"
1787821,"0.0171000000"
1789221,"0.0114000000"
1792511,"0.0039200000"
1793271,"0.0045800000"
1793721,"0.0039200000"
1795281,"0.0316000000"
1812281,"0.0039200000"
1817081,"0.0200000000"
1818321,"0.0039200000"
1819231,"0.0138000000"
1822081,"0.0287000000"
1825081,"0.0291000000"
1827351,"0.0194000000"
1831611,"0.0205000000"
1836791,"0.0829222285"
1842321,"0.0620000000"
1849181,"0.0371000000"
1851701,"0.0295000000"
1867121,"0.0144000000"
1867981,"0.0293000000"
1869421,"0.0131000000"
1878461,"0.0126000000"
1885221,"0.0039200000"
1912641,"0.0152000000"
1932321,"0.0070600000"
1934671,"0.0039200000"
1935451,"0.0573000000"
1935681,"0.0039200000"
1940581,"0.0039200000"
1947181,"0.0130000000"
1950231,"0.0261000000"
1951731,"0.0243000000"
1952451,"0.0252000000"
1954471,"0.0039200000"
1961661,"0.0039200000"
1961791,"0.0369000000"
1970351,"0.0039200000"
1976041,"0.0158000000"
1976471,"0.0324000000"
1981091,"0.0261000000"
1984701,"0.0154000000"
1984901,"0.0053500000"
1988241,"0.0087600000"
2001231,"0.0129000000"
2007201,"0.0044700000"
2008291,"0.0304000000"
2009991,"0.0243000000"
2017551,"0.0185000000"
2024911,"0.0175000000"
2030631,"0.0255000000"
2038811,"0.0171000000"
2039141,"0.0039200000"
2041851,"0.0289000000"
2046001,"0.0039200000"
2051331,"0.0171000000"
2052851,"0.0104000000"
2054641,"0.0183000000"
2055061,"0.0527000000"
2059051,"0.0085000000"
2061671,"0.0366000000"
2062801,"0.1000595562"
2066291,"0.0039200000"
2067211,"0.0039200000"
2067251,"0.0237000000"
2067291,"0.0451000000"
2067431,"0.0365000000"
2067591,"0.0039200000"
2067851,"0.0244000000"
2069781,"0.0312000000"
2075921,"0.0142000000"
2095901,"0.0275000000"
2098401,"0.0852242162"
2102521,"0.0075300000"
2102961,"0.0112000000"
2115651,"0.0375000000"
2117101,"0.0078100000"
2118301,"0.0111000000"
2118601,"0.0121000000"
2119441,"0.0127000000"
2132751,"0.0039200000"
2135381,"0.0217000000"
2142111,"0.0552000000"
2155541,"0.0186000000"
2162931,"0.0117000000"
2168981,"0.0261000000"
2170361,"0.0441000000"
2181771,"0.0456000000"
2186801,"0.0441000000"
2188291,"0.0341000000"
2191831,"0.0201000000"
2199011,"0.0039200000"
2199211,"0.0160000000"
2202821,"0.0280000000"
2202921,"0.0140000000"
2203361,"0.0126000000"
2209091,"0.0469000000"
2225211,"0.0094600000"
2230831,"0.0384000000"
2230871,"0.0039200000"
2240461,"0.0154000000"
2242021,"0.0561000000"
2249841,"0.0039200000"
2253551,"0.0039200000"
2261781,"0.0295000000"
2267961,"0.0040600000"
2271071,"0.0163000000"
2276201,"0.0039200000"
2281921,"0.0089300000"
2315721,"0.0265000000"
2315961,"0.0239000000"
2321411,"0.0039200000"
2330351,"0.0143000000"
2334361,"0.0492000000"
2338131,"0.0039200000"
2351981,"0.0564000000"
2365621,"0.0039200000"
2365671,"0.0039200000"
2366151,"0.0039200000"
2377041,"0.0097400000"
2380871,"0.0326000000"
2381981,"0.0158000000"
2382161,"0.0136000000"
2382831,"0.0281000000"
2388101,"0.0265000000"
2390651,"0.0155000000"
2394081,"0.0118000000"
2395111,"0.0087300000"
2398211,"0.0105000000"
2399861,"0.0074600000"
2403061,"0.0264000000"
2417291,"0.0039200000"
2434151,"0.0039200000"
2446551,"0.0047500000"
2464511,"0.0433000000"
2464681,"0.0419000000"
2477911,"0.0139000000"
2485041,"0.0039200000"
2490501,"0.0414000000"
2497401,"0.0169000000"
2504521,"0.0104000000"
2527611,"0.0039200000"
2533031,"0.0079200000"
2541771,"0.0114000000"
2556981,"0.0123000000"
2558991,"0.0039200000"
2572191,"0.0339000000"
2576431,"0.0083700000"
2585501,"0.0177000000"
2585721,"0.0356000000"
2593511,"0.0039200000"
2598511,"0.0039200000"
2607441,"0.0058400000"
2608181,"0.0058200000"
2608241,"0.0250000000"
2609871,"0.0143000000"
2613491,"0.0039200000"
2615911,"0.0249000000"
2621591,"0.0217000000"
2628121,"0.0857231132"
2633051,"0.0216000000"
2641241,"0.0073800000"
2642921,"0.0039200000"
2650981,"0.0417000000"
2662301,"0.0056700000"
2664781,"0.0039200000"
2664961,"0.0238000000"
2667161,"0.0153000000"
2671491,"0.0121000000"
2675311,"0.0039200000"
2676261,"0.0140000000"
2676481,"0.0135000000"
2677771,"0.0080900000"
2679741,"0.0253000000"
2681811,"0.0441000000"
2682541,"0.0039200000"
2684891,"0.0193000000"
2688681,"0.0261000000"
2692851,"0.0166000000"
2699621,"0.0267000000"
2721281,"0.0117000000"
2722551,"0.0261000000"
2724731,"0.0039200000"
2732161,"0.0039200000"
2737751,"0.0339000000"
2748771,"0.0086300000"
2753881,"0.0812345503"
2754241,"0.0039200000"
2760141,"0.0728145078"
2762801,"0.0262000000"
2774921,"0.0261000000"
2776761,"0.0210000000"
2793651,"0.0357000000"
2801971,"0.0186000000"
2803761,"0.0039200000"
2804281,"0.0107000000"
2806411,"0.0365000000"
2819291,"0.0129000000"
2821601,"0.0085200000"
2837531,"0.0125000000"
2841791,"0.0039200000"
2844701,"0.0177000000"
2858901,"0.0163000000"
2873271,"0.0039200000"
2876161,"0.0140000000"
2877471,"0.0039200000"
2888681,"0.0126000000"
2891781,"0.0088600000"
2895661,"0.0084600000"
2902141,"0.0119000000"
2902481,"0.0039200000"
2903581,"0.0438000000"
2910091,"0.0039200000"
2911521,"0.0116000000"
2912581,"0.0168000000"
2920661,"0.0280000000"
2922721,"0.0531000000"
2926081,"0.0039200000"
2933131,"0.0039200000"
2934631,"0.0043300000"
2941161,"0.0152000000"
2941591,"0.0278000000"
2945671,"0.0296000000"
2948211,"0.0170000000"
2948471,"0.0200000000"
2952091,"0.0147000000"
2955311,"0.0245000000"
2960351,"0.0281000000"
2966511,"0.0309000000"
2970521,"0.0247000000"
2971731,"0.0138000000"
2977411,"0.0039200000"
2978801,"0.0039200000"
2979141,"0.0225000000"
2985631,"0.0191000000"
2986671,"0.0618000000"
2988331,"0.0472000000"
2993021,"0.0039200000"
2994961,"0.0598000000"
2995781,"0.0220000000"
2998521,"0.0104000000"
3000121,"0.0169000000"
3001021,"0.0316000000"
3003631,"0.0255000000"
3005031,"0.0221000000"
3011421,"0.0294000000"
3015121,"0.0144000000"
3023081,"0.0060300000"
3025261,"0.1668472621"
3037231,"0.0039200000"
3041621,"0.1082306652"
3043001,"0.0090400000"
3043421,"0.0231000000"
3048711,"0.0098600000"
3050671,"0.0039200000"
3068181,"0.0200000000"
3069221,"0.0427000000"
3070611,"0.0121000000"
3077961,"0.0231000000"
3080581,"0.0312000000"
3082721,"0.0039200000"
3083971,"0.0299000000"
3085101,"0.0141000000"
3088511,"0.0488000000"
3089341,"0.0306000000"
3093591,"0.0225000000"
3095161,"0.0097300000"
3096351,"0.0347000000"
3098341,"0.0200000000"
3101811,"0.0806817756"
3104161,"0.0176000000"
3107351,"0.0105000000"
3110751,"0.0377000000"
3113751,"0.0060800000"
3114881,"0.0164000000"
3115311,"0.0140000000"
3123671,"0.0193000000"
3123781,"0.0650791540"
3127331,"0.0039200000"
3132391,"0.0039200000"
3149831,"0.0039200000"
3151101,"0.0404000000"
3152521,"0.0200000000"
3162421,"0.0158000000"
3164611,"0.0118000000"
3170651,"0.0058400000"
3176081,"0.0068200000"
3180341,"0.0084300000"
3180991,"0.0281000000"
3187421,"0.0601000000"
3188291,"0.0378000000"
3189761,"0.0150000000"
3191301,"0.0313000000"
3201021,"0.1112480811"
3201951,"0.0039200000"
3205981,"0.0151000000"
3212251,"0.0167000000"
3212481,"0.1141346013"
3213261,"0.0334000000"
3214111,"0.0168000000"
3216681,"0.0144000000"
3218161,"0.0161000000"
3218781,"0.0057400000"
3219071,"0.1906392169"
3219551,"0.0185000000"
3220271,"0.0437000000"
3220501,"0.0140000000"
3220891,"0.0039200000"
3223621,"0.0137000000"
3224661,"0.0060500000"
3225561,"0.0184000000"
3226691,"0.0317000000"
3229511,"0.0063300000"
3238871,"0.0097900000"
3240311,"0.0091300000"
3241231,"0.0892365679"
3242121,"0.0134000000"
3242491,"0.0039200000"
3246031,"0.2112022059"
3246671,"0.0039200000"
3265621,"0.0238000000"
3269711,"0.0351000000"
3271221,"0.0679039719"
3271411,"0.0221000000"
3273211,"0.0039200000"
3274831,"0.0480000000"
3275571,"0.0143000000"
3279441,"0.1353209583"
3282501,"0.0217000000"
3283111,"0.0372000000"
3290251,"0.0644049557"
3290711,"0.1374496866"
3295301,"0.0039200000"
3295761,"0.1405481495"
3296171,"0.0104000000"
3298791,"0.0217000000"
3301091,"0.0187000000"
3302431,"0.0170000000"
3304571,"0.0768821586"
3304641,"0.0598000000"
3305611,"0.0552000000"
3307661,"0.0210000000"
3308201,"0.0265000000"
3309511,"0.0559000000"
3312551,"0.0039200000"
3314811,"0.2053286847"
3316031,"0.0039200000"
3316231,"0.0301000000"
3317361,"0.0039200000"
3318851,"0.0285000000"
3321001,"0.0125000000"
3322301,"0.0629000000"
3324401,"0.0183000000"
3326051,"0.0128000000"
3328331,"0.0136000000"
3328411,"0.0227000000"
3330551,"0.0345000000"
3337171,"0.0309000000"
3338021,"0.0080700000"
3342401,"0.0665062410"
3343131,"0.0119000000"
3343211,"0.0079600000"
3352001,"0.0460000000"
3352981,"0.0291000000"
3359851,"0.0279000000"
3365791,"0.0110000000"
3366001,"0.0092400000"
3372141,"0.0224000000"
3372471,"0.0039200000"
3375481,"0.0235000000"
3375921,"0.0280000000"
3376281,"0.0212000000"
3376331,"0.0039200000"
3377241,"0.0149000000"
3380781,"0.0284000000"
3381511,"0.0039200000"
3382001,"0.0167000000"
3382201,"0.0039200000"
3384481,"0.0294000000"
3384961,"0.0139000000"
3386941,"0.0147000000"
3387431,"0.0146000000"
3387891,"0.0045800000"
3388481,"0.0196000000"
3391351,"0.0217000000"
3394331,"0.0100000000"
3394441,"0.0236000000"
3395021,"0.0039200000"
3395361,"0.0440000000"
3395481,"0.0284000000"
3395631,"0.0279000000"
3395921,"0.0166000000"
3400071,"0.0190000000"
3402381,"0.0331000000"
3403451,"0.0372000000"
3405281,"0.0195000000"
3408191,"0.0039200000"
3408881,"0.0165000000"
3409701,"0.0241000000"
3418501,"0.0129000000"
3419011,"0.0206000000"
3421771,"0.0039200000"
3422591,"0.0077000000"
3427751,"0.0224000000"
3434831,"0.0485000000"
3440621,"0.0354000000"
3442281,"0.0309000000"
3442561,"0.0102000000"
3447881,"0.0154000000"
3451931,"0.0233000000"
3472771,"0.0630000000"
3472871,"0.0149000000"
3474461,"0.0103000000"
3476521,"0.0194000000"
3477401,"0.0176000000"
3477731,"0.0039200000"
3486871,"0.0230000000"
3490841,"0.0221000000"
3491601,"0.0039200000"
3494351,"0.0170000000"
3495691,"0.0082800000"
3500971,"0.0103000000"
3504511,"0.0313000000"
3504641,"0.0039200000"
3506041,"0.0249000000"
3512041,"0.0451000000"
3516231,"0.0142000000"
3516311,"0.0142000000"
3520261,"0.0726566257"
3523861,"0.0424000000"
3524301,"0.0199000000"
3526691,"0.0074100000"
3527161,"0.0107000000"
3530471,"0.0151000000"
3531791,"0.0228000000"
3532991,"0.0152000000"
3533311,"0.0145000000"
3533811,"0.0219000000"
3534971,"0.0059500000"
3535971,"0.0209000000"
3536301,"0.0169000000"
3536531,"0.0389000000"
3540471,"0.0197000000"
3540571,"0.0162000000"
3549531,"0.0042100000"
3550301,"0.0039200000"
3551171,"0.0231000000"
3554911,"0.0108000000"
3558391,"0.0087300000"
3558961,"0.0198000000"
3563691,"0.0173000000"
3567091,"0.0039200000"
3570491,"0.0472000000"
3574121,"0.0265000000"
3575131,"0.0288000000"
3577711,"0.0114000000"
3584151,"0.0039200000"
3585401,"0.0281000000"
3589301,"0.0126000000"
3591191,"0.0180000000"
3592101,"0.0267000000"
3592411,"0.0156000000"
3593571,"0.0166000000"
3595951,"0.0293000000"
3596341,"0.0228000000"
3596631,"0.0314000000"
3596781,"0.0247000000"
3597351,"0.0181000000"
3598991,"0.0165000000"
3600081,"0.0492000000"
3600181,"0.0113000000"
3600741,"0.0203000000"
3603741,"0.0193000000"
3604061,"0.0324000000"
3605271,"0.0279000000"
3608271,"0.0152000000"
3608491,"0.0141000000"
3608711,"0.0182000000"
3612021,"0.0078600000"
3614671,"0.0532000000"
3616541,"0.0254000000"
3616621,"0.0130000000"
3620281,"0.0242000000"
3624181,"0.0135000000"
3626361,"0.0102000000"
3626851,"0.0039200000"
3628961,"0.0469000000"
3640491,"0.0151000000"
3641801,"0.0039200000"
3648071,"0.0039200000"
3658721,"0.0134000000"
3661701,"0.0098800000"
3673811,"0.0039200000"
3676661,"0.0273000000"
3677561,"0.0225000000"
3684561,"0.0203000000"
3685421,"0.0075400000"
3686561,"0.0137000000"
3688001,"0.0244000000"
3689291,"0.0178000000"
3692421,"0.0172000000"
3692571,"0.0323000000"
3693391,"0.0391000000"
3694541,"0.0039200000"
3695431,"0.0153000000"
3698461,"0.0149000000"
3700831,"0.0365000000"
3701901,"0.0379000000"
3703321,"0.0098800000"
3704371,"0.0565000000"
3704601,"0.0075500000"
3705121,"0.0065300000"
3706121,"0.0318000000"
3710241,"0.0205000000"
3711191,"0.0136000000"
3711271,"0.0109000000"
3711561,"0.0069700000"
3713931,"0.0039200000"
3716451,"0.0183000000"
3725841,"0.0137000000"
3728881,"0.0283000000"
3738691,"0.0177000000"
3739391,"0.0039200000"
3740101,"0.0719138250"
3755661,"0.0153000000"
3761591,"0.0211000000"
3764051,"0.0161000000"
3765541,"0.0257000000"
3765681,"0.0125000000"
3773471,"0.0087500000"
3776061,"0.0107000000"
3776241,"0.0230000000"
3777491,"0.0075300000"
3780531,"0.0101000000"
3780801,"0.0096500000"
3783051,"0.0139000000"
3785251,"0.0261000000"
3786321,"0.0080700000"
3790691,"0.0490000000"
3791701,"0.0227000000"
3792091,"0.0039200000"
3794131,"0.0039200000"
3794431,"0.0179000000"
3794621,"0.0089100000"
3813811,"0.0039200000"
3814821,"0.0141000000"
3819621,"0.0228000000"
3819851,"0.0267000000"
3820871,"0.0192000000"
3825131,"0.0089700000"
3828481,"0.0289000000"
3831641,"0.0198000000"
3833671,"0.0336000000"
3838101,"0.0261000000"
3838521,"0.0380000000"
3839491,"0.0068200000"
3841051,"0.0189000000"
3842811,"0.0039200000"
3844691,"0.0202000000"
3848171,"0.0142000000"
3849511,"0.0080100000"
3850041,"0.0088400000"
3850171,"0.0466000000"
3853861,"0.0179000000"
3854161,"0.0242000000"
3855181,"0.0053100000"
3855501,"0.0086900000"
3856531,"0.0264000000"
3857171,"0.0257000000"
3857651,"0.0135000000"
3857661,"0.0117000000"
3860701,"0.0202000000"
3860751,"0.0083900000"
3861881,"0.0422000000"
3861981,"0.0039200000"
3862721,"0.0066000000"
3864681,"0.0209000000"
3865031,"0.0084900000"
3868231,"0.0187000000"
3868621,"0.0144000000"
3869541,"0.0069300000"
3871051,"0.0153000000"
3876531,"0.0141000000"
3876631,"0.0852220975"
3877481,"0.0174000000"
3878721,"0.0102000000"
3881771,"0.0119000000"
3881911,"0.0039200000"
3884431,"0.0270000000"
3885101,"0.0041600000"
3885561,"0.0440000000"
3886801,"0.0130000000"
3888711,"0.0182000000"
3894221,"0.0150000000"
3895231,"0.0202000000"
3895891,"0.0109000000"
3898391,"0.0189000000"
3898551,"0.0039200000"
3900061,"0.0224000000"
3900661,"0.0352000000"
3901921,"0.0039200000"
3905651,"0.0039200000"
3910551,"0.0239000000"
3911181,"0.0087400000"
3914961,"0.0235000000"
3915021,"0.0297000000"
3922101,"0.0039200000"
3931821,"0.0152000000"
3950631,"0.0372000000"
3951601,"0.0389000000"
3953221,"0.0258000000"
3954241,"0.0143000000"
3954371,"0.0703525881"
3955771,"0.0443000000"
3961131,"0.0181000000"
3962351,"0.0172000000"
3962531,"0.0269000000"
3962641,"0.0195000000"
3962671,"0.0039200000"
3964161,"0.0210000000"
3967691,"0.0158000000"
3969171,"0.0580000000"
3969281,"0.0323000000"
3970051,"0.0168000000"
3972361,"0.0359000000"
3972831,"0.0142000000"
3974131,"0.0161000000"
3975071,"0.0078300000"
3975361,"0.0150000000"
3975711,"0.0165000000"
3976361,"0.0162000000"
3978651,"0.0092300000"
3980201,"0.0139000000"
3980821,"0.0081800000"
3983131,"0.0039200000"
3984051,"0.0131000000"
3985771,"0.0143000000"
3986541,"0.0112000000"
3986761,"0.0268000000"
3989581,"0.0039200000"
3992271,"0.0168000000"
3992531,"0.0251000000"
3993401,"0.0162000000"
3993701,"0.0083000000"
3993861,"0.0105000000"
3994271,"0.0244000000"
3995001,"0.0224000000"
3995921,"0.0132000000"
4000061,"0.0094600000"
4000671,"0.0255000000"
4002171,"0.0039200000"
4002231,"0.0142000000"
4003031,"0.0224000000"
4005091,"0.0103000000"
4015141,"0.0288000000"
4015961,"0.0172000000"
4024731,"0.0083100000"
4025651,"0.0264000000"
4027091,"0.0082500000"
4028481,"0.0103000000"
4036551,"0.0145000000"
4040221,"0.0086600000"
4047931,"0.0264000000"
4048161,"0.0485000000"
4053431,"0.0093900000"
4053801,"0.0131000000"
4065921,"0.0039200000"
4068821,"0.0471000000"
4069241,"0.0083000000"
4071981,"0.0134000000"
4075961,"0.0188000000"
4087521,"0.0121000000"
4101811,"0.0118000000"
4103871,"0.0405000000"
4106501,"0.0248000000"
4112291,"0.0146000000"
4113261,"0.0227000000"
4114071,"0.0141000000"
4125691,"0.0114000000"
4131631,"0.0259000000"
4133061,"0.0204000000"
4140901,"0.0139000000"
4142421,"0.0171000000"
4149171,"0.0146000000"
4150311,"0.0063300000"
4167681,"0.0338000000"
4169741,"0.0047300000"
4176551,"0.0173000000"
4176731,"0.0080600000"
4180671,"0.0368000000"
4184621,"0.0039200000"
4185871,"0.0039200000"
4191261,"0.0151000000"
4192041,"0.0288000000"
4202651,"0.0234000000"
4205331,"0.0151000000"
4207221,"0.0090500000"
4220781,"0.0039200000"
4229041,"0.0104000000"
4246281,"0.0039200000"
4261961,"0.0223000000"
4264351,"0.0039200000"
4268871,"0.0039200000"
4271551,"0.0215000000"
4278261,"0.0111000000"
4279971,"0.0095300000"
4294181,"0.0132000000"
4297981,"0.0176000000"
4312211,"0.0039200000"
4312401,"0.0279000000"
4327991,"0.0081700000"
4328911,"0.0108000000"
4341121,"0.0090500000"
4343971,"0.0119000000"
4374931,"0.0072200000"
4383391,"0.0134000000"
4403021,"0.0067700000"
4413501,"0.0098800000"
4422361,"0.0098300000"
4441691,"0.0309000000"
4514261,"0.0090700000"
4514281,"0.0140000000"
4588861,"0.0039200000"
4592121,"0.0039200000"
